{"nodes":[6,9,11,18,3,8,16,5,12,2,0,1,17,4,19,10,14,7,13,15],"initNode":0,"edges":[{"from":0,"input":"0_left","to":0,"output":"FAILED(2)"},{"from":0,"input":"1_left","to":0,"output":"FAILED(2)"},{"from":0,"input":"2_left","to":0,"output":"FAILED(2)"},{"from":0,"input":"clear_done","to":0,"output":"FAILED(2)"},{"from":0,"input":"create_todo","to":1,"output":"OK"},{"from":0,"input":"delete_todo","to":0,"output":"FAILED(2)"},{"from":0,"input":"read_todo","to":0,"output":"FAILED(2)"},{"from":0,"input":"toggle_done","to":0,"output":"FAILED(2)"},{"from":0,"input":"toggle_done_all","to":0,"output":"FAILED(2)"},{"from":0,"input":"update_todo","to":0,"output":"FAILED(2)"},{"from":0,"input":"view_active","to":0,"output":"FAILED(2)"},{"from":0,"input":"view_all","to":0,"output":"FAILED(2)"},{"from":0,"input":"view_done","to":0,"output":"FAILED(2)"},{"from":1,"input":"0_left","to":1,"output":"FAILED(4)"},{"from":1,"input":"1_left","to":1,"output":"OK"},{"from":1,"input":"2_left","to":1,"output":"FAILED(4)"},{"from":1,"input":"clear_done","to":1,"output":"FAILED(2)"},{"from":1,"input":"create_todo","to":4,"output":"OK"},{"from":1,"input":"delete_todo","to":0,"output":"OK"},{"from":1,"input":"read_todo","to":1,"output":"OK"},{"from":1,"input":"toggle_done","to":2,"output":"OK"},{"from":1,"input":"toggle_done_all","to":2,"output":"OK"},{"from":1,"input":"update_todo","to":1,"output":"OK"},{"from":1,"input":"view_active","to":7,"output":"OK"},{"from":1,"input":"view_all","to":1,"output":"OK"},{"from":1,"input":"view_done","to":8,"output":"OK"},{"from":2,"input":"0_left","to":2,"output":"OK"},{"from":2,"input":"1_left","to":2,"output":"FAILED(4)"},{"from":2,"input":"2_left","to":2,"output":"FAILED(4)"},{"from":2,"input":"clear_done","to":0,"output":"OK"},{"from":2,"input":"create_todo","to":19,"output":"OK"},{"from":2,"input":"delete_todo","to":0,"output":"OK"},{"from":2,"input":"read_todo","to":2,"output":"OK"},{"from":2,"input":"toggle_done","to":1,"output":"OK"},{"from":2,"input":"toggle_done_all","to":1,"output":"OK"},{"from":2,"input":"update_todo","to":2,"output":"OK"},{"from":2,"input":"view_active","to":3,"output":"OK"},{"from":2,"input":"view_all","to":2,"output":"OK"},{"from":2,"input":"view_done","to":10,"output":"OK"},{"from":3,"input":"0_left","to":3,"output":"OK"},{"from":3,"input":"1_left","to":3,"output":"FAILED(4)"},{"from":3,"input":"2_left","to":3,"output":"FAILED(4)"},{"from":3,"input":"clear_done","to":12,"output":"OK"},{"from":3,"input":"create_todo","to":13,"output":"OK"},{"from":3,"input":"delete_todo","to":3,"output":"FAILED(2)"},{"from":3,"input":"read_todo","to":3,"output":"FAILED(2)"},{"from":3,"input":"toggle_done","to":3,"output":"FAILED(2)"},{"from":3,"input":"toggle_done_all","to":7,"output":"OK"},{"from":3,"input":"update_todo","to":3,"output":"FAILED(2)"},{"from":3,"input":"view_active","to":3,"output":"OK"},{"from":3,"input":"view_all","to":2,"output":"OK"},{"from":3,"input":"view_done","to":10,"output":"OK"},{"from":4,"input":"0_left","to":4,"output":"FAILED(4)"},{"from":4,"input":"1_left","to":4,"output":"FAILED(4)"},{"from":4,"input":"2_left","to":4,"output":"OK"},{"from":4,"input":"clear_done","to":4,"output":"FAILED(2)"},{"from":4,"input":"create_todo","to":4,"output":"FAILED(1)"},{"from":4,"input":"delete_todo","to":1,"output":"OK"},{"from":4,"input":"read_todo","to":4,"output":"OK"},{"from":4,"input":"toggle_done","to":19,"output":"OK"},{"from":4,"input":"toggle_done_all","to":5,"output":"OK"},{"from":4,"input":"update_todo","to":4,"output":"OK"},{"from":4,"input":"view_active","to":6,"output":"OK"},{"from":4,"input":"view_all","to":4,"output":"OK"},{"from":4,"input":"view_done","to":9,"output":"OK"},{"from":5,"input":"0_left","to":5,"output":"OK"},{"from":5,"input":"1_left","to":5,"output":"FAILED(4)"},{"from":5,"input":"2_left","to":5,"output":"FAILED(4)"},{"from":5,"input":"clear_done","to":0,"output":"OK"},{"from":5,"input":"create_todo","to":5,"output":"FAILED(1)"},{"from":5,"input":"delete_todo","to":2,"output":"OK"},{"from":5,"input":"read_todo","to":5,"output":"OK"},{"from":5,"input":"toggle_done","to":15,"output":"OK"},{"from":5,"input":"toggle_done_all","to":4,"output":"OK"},{"from":5,"input":"update_todo","to":5,"output":"OK"},{"from":5,"input":"view_active","to":14,"output":"OK"},{"from":5,"input":"view_all","to":5,"output":"OK"},{"from":5,"input":"view_done","to":17,"output":"OK"},{"from":6,"input":"0_left","to":6,"output":"FAILED(4)"},{"from":6,"input":"1_left","to":6,"output":"FAILED(4)"},{"from":6,"input":"2_left","to":6,"output":"OK"},{"from":6,"input":"clear_done","to":6,"output":"FAILED(2)"},{"from":6,"input":"create_todo","to":6,"output":"FAILED(1)"},{"from":6,"input":"delete_todo","to":7,"output":"OK"},{"from":6,"input":"read_todo","to":6,"output":"OK"},{"from":6,"input":"toggle_done","to":13,"output":"OK"},{"from":6,"input":"toggle_done_all","to":14,"output":"OK"},{"from":6,"input":"update_todo","to":6,"output":"OK"},{"from":6,"input":"view_active","to":6,"output":"OK"},{"from":6,"input":"view_all","to":4,"output":"OK"},{"from":6,"input":"view_done","to":9,"output":"OK"},{"from":7,"input":"0_left","to":7,"output":"FAILED(4)"},{"from":7,"input":"1_left","to":7,"output":"OK"},{"from":7,"input":"2_left","to":7,"output":"FAILED(4)"},{"from":7,"input":"clear_done","to":7,"output":"FAILED(2)"},{"from":7,"input":"create_todo","to":6,"output":"OK"},{"from":7,"input":"delete_todo","to":12,"output":"OK"},{"from":7,"input":"read_todo","to":7,"output":"OK"},{"from":7,"input":"toggle_done","to":3,"output":"OK"},{"from":7,"input":"toggle_done_all","to":3,"output":"OK"},{"from":7,"input":"update_todo","to":7,"output":"OK"},{"from":7,"input":"view_active","to":7,"output":"OK"},{"from":7,"input":"view_all","to":1,"output":"OK"},{"from":7,"input":"view_done","to":8,"output":"OK"},{"from":8,"input":"0_left","to":8,"output":"FAILED(4)"},{"from":8,"input":"1_left","to":8,"output":"OK"},{"from":8,"input":"2_left","to":8,"output":"FAILED(4)"},{"from":8,"input":"clear_done","to":8,"output":"FAILED(2)"},{"from":8,"input":"create_todo","to":9,"output":"OK"},{"from":8,"input":"delete_todo","to":8,"output":"FAILED(2)"},{"from":8,"input":"read_todo","to":8,"output":"FAILED(2)"},{"from":8,"input":"toggle_done","to":8,"output":"FAILED(2)"},{"from":8,"input":"toggle_done_all","to":10,"output":"OK"},{"from":8,"input":"update_todo","to":8,"output":"FAILED(2)"},{"from":8,"input":"view_active","to":7,"output":"OK"},{"from":8,"input":"view_all","to":1,"output":"OK"},{"from":8,"input":"view_done","to":8,"output":"OK"},{"from":9,"input":"0_left","to":9,"output":"FAILED(4)"},{"from":9,"input":"1_left","to":9,"output":"FAILED(4)"},{"from":9,"input":"2_left","to":9,"output":"OK"},{"from":9,"input":"clear_done","to":9,"output":"FAILED(2)"},{"from":9,"input":"create_todo","to":9,"output":"FAILED(1)"},{"from":9,"input":"delete_todo","to":9,"output":"FAILED(2)"},{"from":9,"input":"read_todo","to":9,"output":"FAILED(2)"},{"from":9,"input":"toggle_done","to":9,"output":"FAILED(2)"},{"from":9,"input":"toggle_done_all","to":17,"output":"OK"},{"from":9,"input":"update_todo","to":9,"output":"FAILED(2)"},{"from":9,"input":"view_active","to":6,"output":"OK"},{"from":9,"input":"view_all","to":4,"output":"OK"},{"from":9,"input":"view_done","to":9,"output":"OK"},{"from":10,"input":"0_left","to":10,"output":"OK"},{"from":10,"input":"1_left","to":10,"output":"FAILED(4)"},{"from":10,"input":"2_left","to":10,"output":"FAILED(4)"},{"from":10,"input":"clear_done","to":11,"output":"OK"},{"from":10,"input":"create_todo","to":18,"output":"OK"},{"from":10,"input":"delete_todo","to":11,"output":"OK"},{"from":10,"input":"read_todo","to":10,"output":"OK"},{"from":10,"input":"toggle_done","to":8,"output":"OK"},{"from":10,"input":"toggle_done_all","to":8,"output":"OK"},{"from":10,"input":"update_todo","to":10,"output":"OK"},{"from":10,"input":"view_active","to":3,"output":"OK"},{"from":10,"input":"view_all","to":2,"output":"OK"},{"from":10,"input":"view_done","to":10,"output":"OK"},{"from":11,"input":"0_left","to":11,"output":"FAILED(2)"},{"from":11,"input":"1_left","to":11,"output":"FAILED(2)"},{"from":11,"input":"2_left","to":11,"output":"FAILED(2)"},{"from":11,"input":"clear_done","to":11,"output":"FAILED(2)"},{"from":11,"input":"create_todo","to":8,"output":"OK"},{"from":11,"input":"delete_todo","to":11,"output":"FAILED(2)"},{"from":11,"input":"read_todo","to":11,"output":"FAILED(2)"},{"from":11,"input":"toggle_done","to":11,"output":"FAILED(2)"},{"from":11,"input":"toggle_done_all","to":11,"output":"FAILED(2)"},{"from":11,"input":"update_todo","to":11,"output":"FAILED(2)"},{"from":11,"input":"view_active","to":11,"output":"FAILED(2)"},{"from":11,"input":"view_all","to":11,"output":"FAILED(2)"},{"from":11,"input":"view_done","to":11,"output":"FAILED(2)"},{"from":12,"input":"0_left","to":12,"output":"FAILED(2)"},{"from":12,"input":"1_left","to":12,"output":"FAILED(2)"},{"from":12,"input":"2_left","to":12,"output":"FAILED(2)"},{"from":12,"input":"clear_done","to":12,"output":"FAILED(2)"},{"from":12,"input":"create_todo","to":7,"output":"OK"},{"from":12,"input":"delete_todo","to":12,"output":"FAILED(2)"},{"from":12,"input":"read_todo","to":12,"output":"FAILED(2)"},{"from":12,"input":"toggle_done","to":12,"output":"FAILED(2)"},{"from":12,"input":"toggle_done_all","to":12,"output":"FAILED(2)"},{"from":12,"input":"update_todo","to":12,"output":"FAILED(2)"},{"from":12,"input":"view_active","to":12,"output":"FAILED(2)"},{"from":12,"input":"view_all","to":12,"output":"FAILED(2)"},{"from":12,"input":"view_done","to":12,"output":"FAILED(2)"},{"from":13,"input":"0_left","to":13,"output":"FAILED(4)"},{"from":13,"input":"1_left","to":13,"output":"OK"},{"from":13,"input":"2_left","to":13,"output":"FAILED(4)"},{"from":13,"input":"clear_done","to":7,"output":"OK"},{"from":13,"input":"create_todo","to":13,"output":"FAILED(1)"},{"from":13,"input":"delete_todo","to":3,"output":"OK"},{"from":13,"input":"read_todo","to":13,"output":"OK"},{"from":13,"input":"toggle_done","to":14,"output":"OK"},{"from":13,"input":"toggle_done_all","to":14,"output":"OK"},{"from":13,"input":"update_todo","to":13,"output":"OK"},{"from":13,"input":"view_active","to":13,"output":"OK"},{"from":13,"input":"view_all","to":19,"output":"OK"},{"from":13,"input":"view_done","to":18,"output":"OK"},{"from":14,"input":"0_left","to":14,"output":"OK"},{"from":14,"input":"1_left","to":14,"output":"FAILED(4)"},{"from":14,"input":"2_left","to":14,"output":"FAILED(4)"},{"from":14,"input":"clear_done","to":12,"output":"OK"},{"from":14,"input":"create_todo","to":14,"output":"FAILED(1)"},{"from":14,"input":"delete_todo","to":14,"output":"FAILED(2)"},{"from":14,"input":"read_todo","to":14,"output":"FAILED(2)"},{"from":14,"input":"toggle_done","to":14,"output":"FAILED(2)"},{"from":14,"input":"toggle_done_all","to":6,"output":"OK"},{"from":14,"input":"update_todo","to":14,"output":"FAILED(2)"},{"from":14,"input":"view_active","to":14,"output":"OK"},{"from":14,"input":"view_all","to":5,"output":"OK"},{"from":14,"input":"view_done","to":17,"output":"OK"},{"from":15,"input":"0_left","to":15,"output":"FAILED(4)"},{"from":15,"input":"1_left","to":15,"output":"OK"},{"from":15,"input":"2_left","to":15,"output":"FAILED(4)"},{"from":15,"input":"clear_done","to":1,"output":"OK"},{"from":15,"input":"create_todo","to":15,"output":"FAILED(1)"},{"from":15,"input":"delete_todo","to":2,"output":"OK"},{"from":15,"input":"read_todo","to":15,"output":"OK"},{"from":15,"input":"toggle_done","to":5,"output":"OK"},{"from":15,"input":"toggle_done_all","to":5,"output":"OK"},{"from":15,"input":"update_todo","to":15,"output":"OK"},{"from":15,"input":"view_active","to":13,"output":"OK"},{"from":15,"input":"view_all","to":15,"output":"OK"},{"from":15,"input":"view_done","to":16,"output":"OK"},{"from":16,"input":"0_left","to":16,"output":"FAILED(4)"},{"from":16,"input":"1_left","to":16,"output":"OK"},{"from":16,"input":"2_left","to":16,"output":"FAILED(4)"},{"from":16,"input":"clear_done","to":8,"output":"OK"},{"from":16,"input":"create_todo","to":16,"output":"FAILED(1)"},{"from":16,"input":"delete_todo","to":8,"output":"OK"},{"from":16,"input":"read_todo","to":16,"output":"OK"},{"from":16,"input":"toggle_done","to":9,"output":"OK"},{"from":16,"input":"toggle_done_all","to":17,"output":"OK"},{"from":16,"input":"update_todo","to":16,"output":"OK"},{"from":16,"input":"view_active","to":13,"output":"OK"},{"from":16,"input":"view_all","to":15,"output":"OK"},{"from":16,"input":"view_done","to":16,"output":"OK"},{"from":17,"input":"0_left","to":17,"output":"OK"},{"from":17,"input":"1_left","to":17,"output":"FAILED(4)"},{"from":17,"input":"2_left","to":17,"output":"FAILED(4)"},{"from":17,"input":"clear_done","to":11,"output":"OK"},{"from":17,"input":"create_todo","to":17,"output":"FAILED(1)"},{"from":17,"input":"delete_todo","to":10,"output":"OK"},{"from":17,"input":"read_todo","to":17,"output":"OK"},{"from":17,"input":"toggle_done","to":16,"output":"OK"},{"from":17,"input":"toggle_done_all","to":9,"output":"OK"},{"from":17,"input":"update_todo","to":17,"output":"OK"},{"from":17,"input":"view_active","to":14,"output":"OK"},{"from":17,"input":"view_all","to":5,"output":"OK"},{"from":17,"input":"view_done","to":17,"output":"OK"},{"from":18,"input":"0_left","to":18,"output":"FAILED(4)"},{"from":18,"input":"1_left","to":18,"output":"OK"},{"from":18,"input":"2_left","to":18,"output":"FAILED(4)"},{"from":18,"input":"clear_done","to":8,"output":"OK"},{"from":18,"input":"create_todo","to":18,"output":"FAILED(1)"},{"from":18,"input":"delete_todo","to":8,"output":"OK"},{"from":18,"input":"read_todo","to":18,"output":"OK"},{"from":18,"input":"toggle_done","to":9,"output":"OK"},{"from":18,"input":"toggle_done_all","to":17,"output":"OK"},{"from":18,"input":"update_todo","to":18,"output":"OK"},{"from":18,"input":"view_active","to":13,"output":"OK"},{"from":18,"input":"view_all","to":19,"output":"OK"},{"from":18,"input":"view_done","to":18,"output":"OK"},{"from":19,"input":"0_left","to":19,"output":"FAILED(4)"},{"from":19,"input":"1_left","to":19,"output":"OK"},{"from":19,"input":"2_left","to":19,"output":"FAILED(4)"},{"from":19,"input":"clear_done","to":1,"output":"OK"},{"from":19,"input":"create_todo","to":19,"output":"FAILED(1)"},{"from":19,"input":"delete_todo","to":1,"output":"OK"},{"from":19,"input":"read_todo","to":19,"output":"OK"},{"from":19,"input":"toggle_done","to":4,"output":"OK"},{"from":19,"input":"toggle_done_all","to":5,"output":"OK"},{"from":19,"input":"update_todo","to":19,"output":"OK"},{"from":19,"input":"view_active","to":13,"output":"OK"},{"from":19,"input":"view_all","to":19,"output":"OK"},{"from":19,"input":"view_done","to":18,"output":"OK"}]}