[{"name":"Reset","abbreviation":"reset","actions":[{"type":"setVariable","negated":false,"ignoreFailure":false,"disabled":false,"name":"task_created","value":"false"},{"type":"setVariable","negated":false,"ignoreFailure":false,"disabled":false,"name":"todo_name","value":"Our Test Task"},{"type":"setVariable","negated":false,"ignoreFailure":false,"disabled":false,"name":"todoCount","value":""},{"type":"web_goto","negated":false,"ignoreFailure":false,"disabled":false,"url":"/","credentials":{"name":"","password":""}},{"type":"web_waitForNode","negated":false,"ignoreFailure":false,"disabled":false,"waitCriterion":"VISIBLE","node":{"selector":"input[placeholder=\"What needs to be done?\"]","type":"CSS"},"maxWaitTime":10},{"type":"setCounter","negated":false,"ignoreFailure":false,"disabled":false,"name":"todoCounter","value":"0","valueType":"NUMBER"}]},{"name":"Create ToDo","abbreviation":"create_todo","actions":[{"type":"assertCounter","negated":false,"ignoreFailure":false,"disabled":false,"name":"todoCounter","value":2,"operator":"LESS_THAN"},{"type":"web_fill","negated":false,"ignoreFailure":false,"disabled":false,"node":{"selector":"input[placeholder=\"What needs to be done?\"]","type":"CSS"},"value":"Our Test Task"},{"type":"web_pressKey","negated":false,"ignoreFailure":false,"disabled":false,"node":{"selector":"input[placeholder=\"What needs to be done?\"]","type":"CSS"},"key":"\\ue007"},{"type":"incrementCounter","negated":false,"ignoreFailure":false,"disabled":false,"name":"todoCounter","incrementBy":1}]},{"name":"Read ToDo","abbreviation":"read_todo","actions":[{"type":"web_waitForNode","negated":false,"ignoreFailure":true,"disabled":false,"waitCriterion":"ADDED","node":{"selector":"#todo-list > li:nth-child(1)","type":"CSS"},"maxWaitTime":1},{"type":"web_waitForNode","negated":false,"ignoreFailure":false,"disabled":false,"waitCriterion":"VISIBLE","node":{"selector":"#todo-list > li:nth-child(1)","type":"CSS"},"maxWaitTime":1},{"type":"web_checkForText","negated":false,"ignoreFailure":false,"disabled":false,"value":"(Our Test Task)|(Our Updated Test Task)","regexp":true}]},{"name":"Delete ToDo","abbreviation":"delete_todo","actions":[{"type":"web_waitForNode","negated":false,"ignoreFailure":true,"disabled":false,"waitCriterion":"ADDED","node":{"selector":"#todo-list > li:nth-child(1) > div > label","type":"CSS"},"maxWaitTime":1},{"type":"web_waitForNode","negated":false,"ignoreFailure":false,"disabled":false,"waitCriterion":"VISIBLE","node":{"selector":"#todo-list > li:nth-child(1) > div > label","type":"CSS"},"maxWaitTime":1},{"type":"web_moveMouse","negated":false,"ignoreFailure":false,"disabled":false,"node":{"selector":"#todo-list > li:nth-child(1) > div > label","type":"CSS"},"offsetX":10,"offsetY":10},{"type":"web_waitForNode","negated":false,"ignoreFailure":false,"disabled":false,"waitCriterion":"VISIBLE","node":{"selector":"#todo-list > li:nth-child(1) > div > button","type":"CSS"},"maxWaitTime":1},{"type":"web_click","negated":false,"ignoreFailure":false,"disabled":false,"node":{"selector":"#todo-list > li:nth-child(1) > div > button","type":"CSS"},"doubleClick":false},{"type":"incrementCounter","negated":false,"ignoreFailure":false,"disabled":false,"name":"todoCounter","incrementBy":-1}]},{"name":"Toggle Done","abbreviation":"toggle_done","actions":[{"type":"web_waitForNode","negated":false,"ignoreFailure":true,"disabled":false,"waitCriterion":"ADDED","node":{"selector":"#todo-list > li:nth-child(1) > div > input","type":"CSS"},"maxWaitTime":1},{"type":"web_waitForNode","negated":false,"ignoreFailure":false,"disabled":false,"waitCriterion":"VISIBLE","node":{"selector":"#todo-list > li:nth-child(1) > div > input","type":"CSS"},"maxWaitTime":1},{"type":"web_click","negated":false,"ignoreFailure":false,"disabled":false,"node":{"selector":"#todo-list > li:nth-child(1) > div > input","type":"CSS"},"doubleClick":false}]},{"name":"View All","abbreviation":"view_all","actions":[{"type":"web_waitForNode","negated":false,"ignoreFailure":true,"disabled":false,"waitCriterion":"ADDED","node":{"selector":"#filters","type":"CSS"},"maxWaitTime":1},{"type":"web_waitForNode","negated":false,"ignoreFailure":false,"disabled":false,"waitCriterion":"VISIBLE","node":{"selector":"#filters","type":"CSS"},"maxWaitTime":1},{"type":"web_clickLinkByText","negated":false,"ignoreFailure":false,"disabled":false,"value":"All"}]},{"name":"View Active","abbreviation":"view_active","actions":[{"type":"web_waitForNode","negated":false,"ignoreFailure":true,"disabled":false,"waitCriterion":"ADDED","node":{"selector":"#filters","type":"CSS"},"maxWaitTime":1},{"type":"web_waitForNode","negated":false,"ignoreFailure":false,"disabled":false,"waitCriterion":"VISIBLE","node":{"selector":"#filters","type":"CSS"},"maxWaitTime":1},{"type":"web_clickLinkByText","negated":false,"ignoreFailure":false,"disabled":false,"value":"Active"}]},{"name":"View Completed","abbreviation":"view_done","actions":[{"type":"web_waitForNode","negated":false,"ignoreFailure":true,"disabled":false,"waitCriterion":"ADDED","node":{"selector":"#filters","type":"CSS"},"maxWaitTime":1},{"type":"web_waitForNode","negated":false,"ignoreFailure":false,"disabled":false,"waitCriterion":"VISIBLE","node":{"selector":"#filters","type":"CSS"},"maxWaitTime":1},{"type":"web_clickLinkByText","negated":false,"ignoreFailure":false,"disabled":false,"value":"Completed"}]},{"name":"1 Item Left","abbreviation":"1_left","actions":[{"type":"web_waitForNode","negated":false,"ignoreFailure":true,"disabled":false,"waitCriterion":"ADDED","node":{"selector":"#todo-count","type":"CSS"},"maxWaitTime":1},{"type":"web_waitForNode","negated":false,"ignoreFailure":false,"disabled":false,"waitCriterion":"VISIBLE","node":{"selector":"#todo-count","type":"CSS"},"maxWaitTime":1},{"type":"setVariableByHTML","negated":false,"ignoreFailure":false,"disabled":false,"name":"todoCount","node":{"selector":"#todo-count","type":"CSS"}},{"type":"assertVariable","negated":false,"ignoreFailure":false,"disabled":false,"name":"todoCount","value":"^1.*?item.*?left","regexp":true}]},{"name":"Clear completed","abbreviation":"clear_done","actions":[{"type":"web_waitForNode","negated":false,"ignoreFailure":true,"disabled":false,"waitCriterion":"ADDED","node":{"selector":"#clear-completed","type":"CSS"},"maxWaitTime":1},{"type":"web_waitForNode","negated":false,"ignoreFailure":false,"disabled":false,"waitCriterion":"VISIBLE","node":{"selector":"#clear-completed","type":"CSS"},"maxWaitTime":1},{"type":"setVariableByHTML","negated":false,"ignoreFailure":false,"disabled":false,"name":"todoCount","node":{"selector":"#todo-count > strong","type":"CSS"}},{"type":"setCounter","negated":false,"ignoreFailure":false,"disabled":false,"name":"todoCounter","value":"todoCount","valueType":"VARIABLE"},{"type":"web_click","negated":false,"ignoreFailure":false,"disabled":false,"node":{"selector":"#clear-completed","type":"CSS"},"doubleClick":false}]},{"name":"Update ToDo","abbreviation":"update_todo","actions":[{"type":"web_waitForNode","negated":false,"ignoreFailure":true,"disabled":false,"waitCriterion":"ADDED","node":{"selector":"#todo-list > li:nth-child(1) > div > label","type":"CSS"},"maxWaitTime":1},{"type":"web_waitForNode","negated":false,"ignoreFailure":false,"disabled":false,"waitCriterion":"VISIBLE","node":{"selector":"#todo-list > li:nth-child(1) > div > label","type":"CSS"},"maxWaitTime":1},{"type":"web_click","negated":false,"ignoreFailure":false,"disabled":false,"node":{"selector":"#todo-list > li:nth-child(1) > div > label","type":"CSS"},"doubleClick":true},{"type":"web_waitForNode","negated":false,"ignoreFailure":true,"disabled":false,"waitCriterion":"ADDED","node":{"selector":"#edit","type":"CSS"},"maxWaitTime":1},{"type":"web_waitForNode","negated":false,"ignoreFailure":false,"disabled":false,"waitCriterion":"VISIBLE","node":{"selector":"#todo-list > li:nth-child(1) > input","type":"CSS"},"maxWaitTime":1},{"type":"web_fill","negated":false,"ignoreFailure":false,"disabled":false,"node":{"selector":"#todo-list > li:nth-child(1) > input","type":"CSS"},"value":"Our Updated Test Task"},{"type":"web_pressKey","negated":false,"ignoreFailure":false,"disabled":false,"node":{"selector":"#todo-list > li:nth-child(1) > input","type":"CSS"},"key":"\\ue007"}]},{"name":"0 Items Left","abbreviation":"0_left","actions":[{"type":"web_waitForNode","negated":false,"ignoreFailure":true,"disabled":false,"waitCriterion":"ADDED","node":{"selector":"#todo-count","type":"CSS"},"maxWaitTime":1},{"type":"web_waitForNode","negated":false,"ignoreFailure":false,"disabled":false,"waitCriterion":"VISIBLE","node":{"selector":"#todo-count","type":"CSS"},"maxWaitTime":1},{"type":"setVariableByHTML","negated":false,"ignoreFailure":false,"disabled":false,"name":"todoCount","node":{"selector":"#todo-count","type":"CSS"}},{"type":"assertVariable","negated":false,"ignoreFailure":false,"disabled":false,"name":"todoCount","value":"^0.*?items.*?left","regexp":true}]},{"name":"Toggle Done All","abbreviation":"toggle_done_all","actions":[{"type":"web_waitForNode","negated":false,"ignoreFailure":true,"disabled":false,"waitCriterion":"ADDED","node":{"selector":"#toggle-all","type":"CSS"},"maxWaitTime":1},{"type":"web_waitForNode","negated":false,"ignoreFailure":false,"disabled":false,"waitCriterion":"VISIBLE","node":{"selector":"#toggle-all","type":"CSS"},"maxWaitTime":1},{"type":"web_click","negated":false,"ignoreFailure":false,"disabled":false,"node":{"selector":"#toggle-all","type":"CSS"},"doubleClick":false}]},{"name":"2 Items Left","abbreviation":"2_left","actions":[{"type":"web_waitForNode","negated":false,"ignoreFailure":true,"disabled":false,"waitCriterion":"ADDED","node":{"selector":"#todo-count","type":"CSS"},"maxWaitTime":1},{"type":"web_waitForNode","negated":false,"ignoreFailure":false,"disabled":false,"waitCriterion":"VISIBLE","node":{"selector":"#todo-count","type":"CSS"},"maxWaitTime":1},{"type":"setVariableByHTML","negated":false,"ignoreFailure":false,"disabled":false,"name":"todoCount","node":{"selector":"#todo-count","type":"CSS"}},{"type":"assertVariable","negated":false,"ignoreFailure":false,"disabled":false,"name":"todoCount","value":"^2.*?items.*?left","regexp":true}]}]