{"nodes":[4,34,33,39,30,36,5,27,35,42,13,29,1,14,21,10,38,40,41,22,9,2,16,20,8,25,28,31,7,0,26,18,19,23,15,37,32,6,12,11,24,3,17],"initNode":0,"edges":[{"from":0,"input":"0_left","to":0,"output":"FAILED(2)"},{"from":0,"input":"1_left","to":0,"output":"FAILED(2)"},{"from":0,"input":"2_left","to":0,"output":"FAILED(2)"},{"from":0,"input":"clear_done","to":0,"output":"FAILED(2)"},{"from":0,"input":"create_todo","to":1,"output":"OK"},{"from":0,"input":"delete_todo","to":0,"output":"FAILED(2)"},{"from":0,"input":"read_todo","to":0,"output":"FAILED(2)"},{"from":0,"input":"toggle_done","to":0,"output":"FAILED(2)"},{"from":0,"input":"toggle_done_all","to":0,"output":"FAILED(2)"},{"from":0,"input":"update_todo","to":0,"output":"FAILED(2)"},{"from":0,"input":"view_active","to":0,"output":"FAILED(2)"},{"from":0,"input":"view_all","to":0,"output":"FAILED(2)"},{"from":0,"input":"view_done","to":0,"output":"FAILED(2)"},{"from":1,"input":"0_left","to":1,"output":"FAILED(4)"},{"from":1,"input":"1_left","to":1,"output":"OK"},{"from":1,"input":"2_left","to":1,"output":"FAILED(4)"},{"from":1,"input":"clear_done","to":1,"output":"FAILED(2)"},{"from":1,"input":"create_todo","to":4,"output":"OK"},{"from":1,"input":"delete_todo","to":0,"output":"OK"},{"from":1,"input":"read_todo","to":1,"output":"OK"},{"from":1,"input":"toggle_done","to":2,"output":"OK"},{"from":1,"input":"toggle_done_all","to":2,"output":"OK"},{"from":1,"input":"update_todo","to":1,"output":"OK"},{"from":1,"input":"view_active","to":7,"output":"OK"},{"from":1,"input":"view_all","to":1,"output":"OK"},{"from":1,"input":"view_done","to":8,"output":"OK"},{"from":2,"input":"0_left","to":2,"output":"OK"},{"from":2,"input":"1_left","to":2,"output":"FAILED(4)"},{"from":2,"input":"2_left","to":2,"output":"FAILED(4)"},{"from":2,"input":"clear_done","to":0,"output":"OK"},{"from":2,"input":"create_todo","to":22,"output":"OK"},{"from":2,"input":"delete_todo","to":0,"output":"OK"},{"from":2,"input":"read_todo","to":2,"output":"OK"},{"from":2,"input":"toggle_done","to":1,"output":"OK"},{"from":2,"input":"toggle_done_all","to":1,"output":"OK"},{"from":2,"input":"update_todo","to":2,"output":"OK"},{"from":2,"input":"view_active","to":3,"output":"OK"},{"from":2,"input":"view_all","to":2,"output":"OK"},{"from":2,"input":"view_done","to":10,"output":"OK"},{"from":3,"input":"0_left","to":3,"output":"OK"},{"from":3,"input":"1_left","to":3,"output":"FAILED(4)"},{"from":3,"input":"2_left","to":3,"output":"FAILED(4)"},{"from":3,"input":"clear_done","to":12,"output":"OK"},{"from":3,"input":"create_todo","to":13,"output":"OK"},{"from":3,"input":"delete_todo","to":3,"output":"FAILED(2)"},{"from":3,"input":"read_todo","to":3,"output":"FAILED(2)"},{"from":3,"input":"toggle_done","to":3,"output":"FAILED(2)"},{"from":3,"input":"toggle_done_all","to":7,"output":"OK"},{"from":3,"input":"update_todo","to":3,"output":"FAILED(2)"},{"from":3,"input":"view_active","to":3,"output":"OK"},{"from":3,"input":"view_all","to":2,"output":"OK"},{"from":3,"input":"view_done","to":10,"output":"OK"},{"from":4,"input":"0_left","to":4,"output":"FAILED(4)"},{"from":4,"input":"1_left","to":4,"output":"FAILED(4)"},{"from":4,"input":"2_left","to":4,"output":"OK"},{"from":4,"input":"clear_done","to":4,"output":"FAILED(2)"},{"from":4,"input":"create_todo","to":4,"output":"FAILED(1)"},{"from":4,"input":"delete_todo","to":1,"output":"OK"},{"from":4,"input":"read_todo","to":4,"output":"OK"},{"from":4,"input":"toggle_done","to":22,"output":"OK"},{"from":4,"input":"toggle_done_all","to":5,"output":"OK"},{"from":4,"input":"update_todo","to":4,"output":"OK"},{"from":4,"input":"view_active","to":6,"output":"OK"},{"from":4,"input":"view_all","to":4,"output":"OK"},{"from":4,"input":"view_done","to":9,"output":"OK"},{"from":5,"input":"0_left","to":5,"output":"OK"},{"from":5,"input":"1_left","to":5,"output":"FAILED(4)"},{"from":5,"input":"2_left","to":5,"output":"FAILED(4)"},{"from":5,"input":"clear_done","to":0,"output":"OK"},{"from":5,"input":"create_todo","to":5,"output":"FAILED(1)"},{"from":5,"input":"delete_todo","to":2,"output":"OK"},{"from":5,"input":"read_todo","to":5,"output":"OK"},{"from":5,"input":"toggle_done","to":15,"output":"OK"},{"from":5,"input":"toggle_done_all","to":4,"output":"OK"},{"from":5,"input":"update_todo","to":5,"output":"OK"},{"from":5,"input":"view_active","to":14,"output":"OK"},{"from":5,"input":"view_all","to":5,"output":"OK"},{"from":5,"input":"view_done","to":21,"output":"OK"},{"from":6,"input":"0_left","to":6,"output":"FAILED(4)"},{"from":6,"input":"1_left","to":6,"output":"FAILED(4)"},{"from":6,"input":"2_left","to":6,"output":"OK"},{"from":6,"input":"clear_done","to":6,"output":"FAILED(2)"},{"from":6,"input":"create_todo","to":6,"output":"FAILED(1)"},{"from":6,"input":"delete_todo","to":7,"output":"OK"},{"from":6,"input":"read_todo","to":6,"output":"OK"},{"from":6,"input":"toggle_done","to":19,"output":"OK"},{"from":6,"input":"toggle_done_all","to":14,"output":"OK"},{"from":6,"input":"update_todo","to":6,"output":"OK"},{"from":6,"input":"view_active","to":6,"output":"OK"},{"from":6,"input":"view_all","to":4,"output":"OK"},{"from":6,"input":"view_done","to":9,"output":"OK"},{"from":7,"input":"0_left","to":7,"output":"FAILED(4)"},{"from":7,"input":"1_left","to":7,"output":"OK"},{"from":7,"input":"2_left","to":7,"output":"FAILED(4)"},{"from":7,"input":"clear_done","to":7,"output":"FAILED(2)"},{"from":7,"input":"create_todo","to":23,"output":"OK"},{"from":7,"input":"delete_todo","to":12,"output":"OK"},{"from":7,"input":"read_todo","to":7,"output":"OK"},{"from":7,"input":"toggle_done","to":3,"output":"OK"},{"from":7,"input":"toggle_done_all","to":3,"output":"OK"},{"from":7,"input":"update_todo","to":7,"output":"OK"},{"from":7,"input":"view_active","to":7,"output":"OK"},{"from":7,"input":"view_all","to":1,"output":"OK"},{"from":7,"input":"view_done","to":8,"output":"OK"},{"from":8,"input":"0_left","to":8,"output":"FAILED(4)"},{"from":8,"input":"1_left","to":8,"output":"OK"},{"from":8,"input":"2_left","to":8,"output":"FAILED(4)"},{"from":8,"input":"clear_done","to":8,"output":"FAILED(2)"},{"from":8,"input":"create_todo","to":9,"output":"OK"},{"from":8,"input":"delete_todo","to":8,"output":"FAILED(2)"},{"from":8,"input":"read_todo","to":8,"output":"FAILED(2)"},{"from":8,"input":"toggle_done","to":8,"output":"FAILED(2)"},{"from":8,"input":"toggle_done_all","to":10,"output":"OK"},{"from":8,"input":"update_todo","to":8,"output":"FAILED(2)"},{"from":8,"input":"view_active","to":7,"output":"OK"},{"from":8,"input":"view_all","to":1,"output":"OK"},{"from":8,"input":"view_done","to":8,"output":"OK"},{"from":9,"input":"0_left","to":9,"output":"FAILED(4)"},{"from":9,"input":"1_left","to":9,"output":"FAILED(4)"},{"from":9,"input":"2_left","to":9,"output":"OK"},{"from":9,"input":"clear_done","to":9,"output":"FAILED(2)"},{"from":9,"input":"create_todo","to":9,"output":"FAILED(1)"},{"from":9,"input":"delete_todo","to":9,"output":"FAILED(2)"},{"from":9,"input":"read_todo","to":9,"output":"FAILED(2)"},{"from":9,"input":"toggle_done","to":9,"output":"FAILED(2)"},{"from":9,"input":"toggle_done_all","to":21,"output":"OK"},{"from":9,"input":"update_todo","to":9,"output":"FAILED(2)"},{"from":9,"input":"view_active","to":6,"output":"OK"},{"from":9,"input":"view_all","to":4,"output":"OK"},{"from":9,"input":"view_done","to":9,"output":"OK"},{"from":10,"input":"0_left","to":10,"output":"OK"},{"from":10,"input":"1_left","to":10,"output":"FAILED(4)"},{"from":10,"input":"2_left","to":10,"output":"FAILED(4)"},{"from":10,"input":"clear_done","to":11,"output":"OK"},{"from":10,"input":"create_todo","to":18,"output":"OK"},{"from":10,"input":"delete_todo","to":11,"output":"OK"},{"from":10,"input":"read_todo","to":10,"output":"OK"},{"from":10,"input":"toggle_done","to":8,"output":"OK"},{"from":10,"input":"toggle_done_all","to":8,"output":"OK"},{"from":10,"input":"update_todo","to":10,"output":"OK"},{"from":10,"input":"view_active","to":3,"output":"OK"},{"from":10,"input":"view_all","to":2,"output":"OK"},{"from":10,"input":"view_done","to":10,"output":"OK"},{"from":11,"input":"0_left","to":11,"output":"FAILED(2)"},{"from":11,"input":"1_left","to":11,"output":"FAILED(2)"},{"from":11,"input":"2_left","to":11,"output":"FAILED(2)"},{"from":11,"input":"clear_done","to":11,"output":"FAILED(2)"},{"from":11,"input":"create_todo","to":8,"output":"OK"},{"from":11,"input":"delete_todo","to":11,"output":"FAILED(2)"},{"from":11,"input":"read_todo","to":11,"output":"FAILED(2)"},{"from":11,"input":"toggle_done","to":11,"output":"FAILED(2)"},{"from":11,"input":"toggle_done_all","to":11,"output":"FAILED(2)"},{"from":11,"input":"update_todo","to":11,"output":"FAILED(2)"},{"from":11,"input":"view_active","to":11,"output":"FAILED(2)"},{"from":11,"input":"view_all","to":11,"output":"FAILED(2)"},{"from":11,"input":"view_done","to":11,"output":"FAILED(2)"},{"from":12,"input":"0_left","to":12,"output":"FAILED(2)"},{"from":12,"input":"1_left","to":12,"output":"FAILED(2)"},{"from":12,"input":"2_left","to":12,"output":"FAILED(2)"},{"from":12,"input":"clear_done","to":12,"output":"FAILED(2)"},{"from":12,"input":"create_todo","to":7,"output":"OK"},{"from":12,"input":"delete_todo","to":12,"output":"FAILED(2)"},{"from":12,"input":"read_todo","to":12,"output":"FAILED(2)"},{"from":12,"input":"toggle_done","to":12,"output":"FAILED(2)"},{"from":12,"input":"toggle_done_all","to":12,"output":"FAILED(2)"},{"from":12,"input":"update_todo","to":12,"output":"FAILED(2)"},{"from":12,"input":"view_active","to":12,"output":"FAILED(2)"},{"from":12,"input":"view_all","to":12,"output":"FAILED(2)"},{"from":12,"input":"view_done","to":12,"output":"FAILED(2)"},{"from":13,"input":"0_left","to":13,"output":"FAILED(4)"},{"from":13,"input":"1_left","to":13,"output":"OK"},{"from":13,"input":"2_left","to":13,"output":"FAILED(4)"},{"from":13,"input":"clear_done","to":7,"output":"OK"},{"from":13,"input":"create_todo","to":13,"output":"FAILED(1)"},{"from":13,"input":"delete_todo","to":3,"output":"OK"},{"from":13,"input":"read_todo","to":13,"output":"OK"},{"from":13,"input":"toggle_done","to":14,"output":"OK"},{"from":13,"input":"toggle_done_all","to":14,"output":"OK"},{"from":13,"input":"update_todo","to":13,"output":"OK"},{"from":13,"input":"view_active","to":13,"output":"OK"},{"from":13,"input":"view_all","to":17,"output":"OK"},{"from":13,"input":"view_done","to":18,"output":"OK"},{"from":14,"input":"0_left","to":14,"output":"OK"},{"from":14,"input":"1_left","to":14,"output":"FAILED(4)"},{"from":14,"input":"2_left","to":14,"output":"FAILED(4)"},{"from":14,"input":"clear_done","to":12,"output":"OK"},{"from":14,"input":"create_todo","to":14,"output":"FAILED(1)"},{"from":14,"input":"delete_todo","to":14,"output":"FAILED(2)"},{"from":14,"input":"read_todo","to":14,"output":"FAILED(2)"},{"from":14,"input":"toggle_done","to":14,"output":"FAILED(2)"},{"from":14,"input":"toggle_done_all","to":23,"output":"OK"},{"from":14,"input":"update_todo","to":14,"output":"FAILED(2)"},{"from":14,"input":"view_active","to":14,"output":"OK"},{"from":14,"input":"view_all","to":5,"output":"OK"},{"from":14,"input":"view_done","to":21,"output":"OK"},{"from":15,"input":"0_left","to":15,"output":"FAILED(4)"},{"from":15,"input":"1_left","to":15,"output":"OK"},{"from":15,"input":"2_left","to":15,"output":"FAILED(4)"},{"from":15,"input":"clear_done","to":1,"output":"OK"},{"from":15,"input":"create_todo","to":15,"output":"FAILED(1)"},{"from":15,"input":"delete_todo","to":2,"output":"OK"},{"from":15,"input":"read_todo","to":15,"output":"OK"},{"from":15,"input":"toggle_done","to":5,"output":"OK"},{"from":15,"input":"toggle_done_all","to":5,"output":"OK"},{"from":15,"input":"update_todo","to":15,"output":"OK"},{"from":15,"input":"view_active","to":25,"output":"OK"},{"from":15,"input":"view_all","to":15,"output":"OK"},{"from":15,"input":"view_done","to":16,"output":"OK"},{"from":16,"input":"0_left","to":16,"output":"FAILED(4)"},{"from":16,"input":"1_left","to":16,"output":"OK"},{"from":16,"input":"2_left","to":16,"output":"FAILED(4)"},{"from":16,"input":"clear_done","to":8,"output":"OK"},{"from":16,"input":"create_todo","to":16,"output":"FAILED(1)"},{"from":16,"input":"delete_todo","to":20,"output":"OK"},{"from":16,"input":"read_todo","to":16,"output":"OK"},{"from":16,"input":"toggle_done","to":9,"output":"OK"},{"from":16,"input":"toggle_done_all","to":21,"output":"OK"},{"from":16,"input":"update_todo","to":16,"output":"OK"},{"from":16,"input":"view_active","to":25,"output":"OK"},{"from":16,"input":"view_all","to":15,"output":"OK"},{"from":16,"input":"view_done","to":16,"output":"OK"},{"from":17,"input":"0_left","to":17,"output":"FAILED(4)"},{"from":17,"input":"1_left","to":17,"output":"OK"},{"from":17,"input":"2_left","to":17,"output":"FAILED(4)"},{"from":17,"input":"clear_done","to":1,"output":"OK"},{"from":17,"input":"create_todo","to":17,"output":"FAILED(1)"},{"from":17,"input":"delete_todo","to":1,"output":"OK"},{"from":17,"input":"read_todo","to":17,"output":"OK"},{"from":17,"input":"toggle_done","to":24,"output":"OK"},{"from":17,"input":"toggle_done_all","to":5,"output":"OK"},{"from":17,"input":"update_todo","to":17,"output":"OK"},{"from":17,"input":"view_active","to":13,"output":"OK"},{"from":17,"input":"view_all","to":17,"output":"OK"},{"from":17,"input":"view_done","to":18,"output":"OK"},{"from":18,"input":"0_left","to":18,"output":"FAILED(4)"},{"from":18,"input":"1_left","to":18,"output":"OK"},{"from":18,"input":"2_left","to":18,"output":"FAILED(4)"},{"from":18,"input":"clear_done","to":8,"output":"OK"},{"from":18,"input":"create_todo","to":18,"output":"FAILED(1)"},{"from":18,"input":"delete_todo","to":8,"output":"OK"},{"from":18,"input":"read_todo","to":18,"output":"OK"},{"from":18,"input":"toggle_done","to":9,"output":"OK"},{"from":18,"input":"toggle_done_all","to":21,"output":"OK"},{"from":18,"input":"update_todo","to":18,"output":"OK"},{"from":18,"input":"view_active","to":13,"output":"OK"},{"from":18,"input":"view_all","to":17,"output":"OK"},{"from":18,"input":"view_done","to":18,"output":"OK"},{"from":19,"input":"0_left","to":19,"output":"FAILED(4)"},{"from":19,"input":"1_left","to":19,"output":"OK"},{"from":19,"input":"2_left","to":19,"output":"FAILED(4)"},{"from":19,"input":"clear_done","to":7,"output":"OK"},{"from":19,"input":"create_todo","to":19,"output":"FAILED(1)"},{"from":19,"input":"delete_todo","to":20,"output":"OK"},{"from":19,"input":"read_todo","to":19,"output":"OK"},{"from":19,"input":"toggle_done","to":14,"output":"OK"},{"from":19,"input":"toggle_done_all","to":14,"output":"OK"},{"from":19,"input":"update_todo","to":19,"output":"OK"},{"from":19,"input":"view_active","to":19,"output":"OK"},{"from":19,"input":"view_all","to":22,"output":"OK"},{"from":19,"input":"view_done","to":18,"output":"OK"},{"from":20,"input":"0_left","to":20,"output":"FAILED(4)"},{"from":20,"input":"1_left","to":20,"output":"OK"},{"from":20,"input":"2_left","to":20,"output":"FAILED(4)"},{"from":20,"input":"clear_done","to":12,"output":"OK"},{"from":20,"input":"create_todo","to":19,"output":"OK"},{"from":20,"input":"delete_todo","to":30,"output":"OK"},{"from":20,"input":"read_todo","to":20,"output":"OK"},{"from":20,"input":"toggle_done","to":20,"output":"OK"},{"from":20,"input":"toggle_done_all","to":28,"output":"OK"},{"from":20,"input":"update_todo","to":20,"output":"OK"},{"from":20,"input":"view_active","to":20,"output":"OK"},{"from":20,"input":"view_all","to":34,"output":"OK"},{"from":20,"input":"view_done","to":26,"output":"OK"},{"from":21,"input":"0_left","to":21,"output":"OK"},{"from":21,"input":"1_left","to":21,"output":"FAILED(4)"},{"from":21,"input":"2_left","to":21,"output":"FAILED(4)"},{"from":21,"input":"clear_done","to":11,"output":"OK"},{"from":21,"input":"create_todo","to":21,"output":"FAILED(1)"},{"from":21,"input":"delete_todo","to":10,"output":"OK"},{"from":21,"input":"read_todo","to":21,"output":"OK"},{"from":21,"input":"toggle_done","to":18,"output":"OK"},{"from":21,"input":"toggle_done_all","to":9,"output":"OK"},{"from":21,"input":"update_todo","to":21,"output":"OK"},{"from":21,"input":"view_active","to":14,"output":"OK"},{"from":21,"input":"view_all","to":5,"output":"OK"},{"from":21,"input":"view_done","to":21,"output":"OK"},{"from":22,"input":"0_left","to":22,"output":"FAILED(4)"},{"from":22,"input":"1_left","to":22,"output":"OK"},{"from":22,"input":"2_left","to":22,"output":"FAILED(4)"},{"from":22,"input":"clear_done","to":1,"output":"OK"},{"from":22,"input":"create_todo","to":22,"output":"FAILED(1)"},{"from":22,"input":"delete_todo","to":1,"output":"OK"},{"from":22,"input":"read_todo","to":22,"output":"OK"},{"from":22,"input":"toggle_done","to":4,"output":"OK"},{"from":22,"input":"toggle_done_all","to":5,"output":"OK"},{"from":22,"input":"update_todo","to":22,"output":"OK"},{"from":22,"input":"view_active","to":19,"output":"OK"},{"from":22,"input":"view_all","to":22,"output":"OK"},{"from":22,"input":"view_done","to":18,"output":"OK"},{"from":23,"input":"0_left","to":23,"output":"FAILED(4)"},{"from":23,"input":"1_left","to":23,"output":"FAILED(4)"},{"from":23,"input":"2_left","to":23,"output":"OK"},{"from":23,"input":"clear_done","to":23,"output":"FAILED(2)"},{"from":23,"input":"create_todo","to":23,"output":"FAILED(1)"},{"from":23,"input":"delete_todo","to":7,"output":"OK"},{"from":23,"input":"read_todo","to":23,"output":"OK"},{"from":23,"input":"toggle_done","to":13,"output":"OK"},{"from":23,"input":"toggle_done_all","to":14,"output":"OK"},{"from":23,"input":"update_todo","to":23,"output":"OK"},{"from":23,"input":"view_active","to":23,"output":"OK"},{"from":23,"input":"view_all","to":24,"output":"OK"},{"from":23,"input":"view_done","to":9,"output":"OK"},{"from":24,"input":"0_left","to":24,"output":"FAILED(4)"},{"from":24,"input":"1_left","to":24,"output":"FAILED(4)"},{"from":24,"input":"2_left","to":24,"output":"OK"},{"from":24,"input":"clear_done","to":24,"output":"FAILED(2)"},{"from":24,"input":"create_todo","to":24,"output":"FAILED(1)"},{"from":24,"input":"delete_todo","to":1,"output":"OK"},{"from":24,"input":"read_todo","to":24,"output":"OK"},{"from":24,"input":"toggle_done","to":17,"output":"OK"},{"from":24,"input":"toggle_done_all","to":5,"output":"OK"},{"from":24,"input":"update_todo","to":24,"output":"OK"},{"from":24,"input":"view_active","to":23,"output":"OK"},{"from":24,"input":"view_all","to":24,"output":"OK"},{"from":24,"input":"view_done","to":9,"output":"OK"},{"from":25,"input":"0_left","to":25,"output":"FAILED(4)"},{"from":25,"input":"1_left","to":25,"output":"OK"},{"from":25,"input":"2_left","to":25,"output":"FAILED(4)"},{"from":25,"input":"clear_done","to":7,"output":"OK"},{"from":25,"input":"create_todo","to":25,"output":"FAILED(1)"},{"from":25,"input":"delete_todo","to":3,"output":"OK"},{"from":25,"input":"read_todo","to":25,"output":"OK"},{"from":25,"input":"toggle_done","to":14,"output":"OK"},{"from":25,"input":"toggle_done_all","to":14,"output":"OK"},{"from":25,"input":"update_todo","to":25,"output":"OK"},{"from":25,"input":"view_active","to":25,"output":"OK"},{"from":25,"input":"view_all","to":15,"output":"OK"},{"from":25,"input":"view_done","to":16,"output":"OK"},{"from":26,"input":"0_left","to":26,"output":"FAILED(4)"},{"from":26,"input":"1_left","to":26,"output":"OK"},{"from":26,"input":"2_left","to":26,"output":"FAILED(4)"},{"from":26,"input":"clear_done","to":11,"output":"OK"},{"from":26,"input":"create_todo","to":16,"output":"OK"},{"from":26,"input":"delete_todo","to":35,"output":"OK"},{"from":26,"input":"read_todo","to":26,"output":"OK"},{"from":26,"input":"toggle_done","to":8,"output":"OK"},{"from":26,"input":"toggle_done_all","to":10,"output":"OK"},{"from":26,"input":"update_todo","to":26,"output":"OK"},{"from":26,"input":"view_active","to":27,"output":"OK"},{"from":26,"input":"view_all","to":34,"output":"OK"},{"from":26,"input":"view_done","to":26,"output":"OK"},{"from":27,"input":"0_left","to":27,"output":"FAILED(4)"},{"from":27,"input":"1_left","to":27,"output":"OK"},{"from":27,"input":"2_left","to":27,"output":"FAILED(4)"},{"from":27,"input":"clear_done","to":12,"output":"OK"},{"from":27,"input":"create_todo","to":19,"output":"OK"},{"from":27,"input":"delete_todo","to":27,"output":"FAILED(2)"},{"from":27,"input":"read_todo","to":27,"output":"FAILED(2)"},{"from":27,"input":"toggle_done","to":27,"output":"FAILED(2)"},{"from":27,"input":"toggle_done_all","to":28,"output":"OK"},{"from":27,"input":"update_todo","to":27,"output":"FAILED(2)"},{"from":27,"input":"view_active","to":27,"output":"OK"},{"from":27,"input":"view_all","to":34,"output":"OK"},{"from":27,"input":"view_done","to":26,"output":"OK"},{"from":28,"input":"0_left","to":28,"output":"OK"},{"from":28,"input":"1_left","to":28,"output":"FAILED(4)"},{"from":28,"input":"2_left","to":28,"output":"FAILED(4)"},{"from":28,"input":"clear_done","to":12,"output":"OK"},{"from":28,"input":"create_todo","to":19,"output":"OK"},{"from":28,"input":"delete_todo","to":28,"output":"FAILED(2)"},{"from":28,"input":"read_todo","to":28,"output":"FAILED(2)"},{"from":28,"input":"toggle_done","to":28,"output":"FAILED(2)"},{"from":28,"input":"toggle_done_all","to":29,"output":"OK"},{"from":28,"input":"update_todo","to":28,"output":"FAILED(2)"},{"from":28,"input":"view_active","to":28,"output":"OK"},{"from":28,"input":"view_all","to":2,"output":"OK"},{"from":28,"input":"view_done","to":10,"output":"OK"},{"from":29,"input":"0_left","to":29,"output":"FAILED(4)"},{"from":29,"input":"1_left","to":29,"output":"OK"},{"from":29,"input":"2_left","to":29,"output":"FAILED(4)"},{"from":29,"input":"clear_done","to":29,"output":"FAILED(2)"},{"from":29,"input":"create_todo","to":6,"output":"OK"},{"from":29,"input":"delete_todo","to":36,"output":"OK"},{"from":29,"input":"read_todo","to":29,"output":"OK"},{"from":29,"input":"toggle_done","to":28,"output":"OK"},{"from":29,"input":"toggle_done_all","to":28,"output":"OK"},{"from":29,"input":"update_todo","to":29,"output":"OK"},{"from":29,"input":"view_active","to":29,"output":"OK"},{"from":29,"input":"view_all","to":36,"output":"OK"},{"from":29,"input":"view_done","to":8,"output":"OK"},{"from":30,"input":"0_left","to":30,"output":"FAILED(4)"},{"from":30,"input":"1_left","to":30,"output":"OK"},{"from":30,"input":"2_left","to":30,"output":"FAILED(4)"},{"from":30,"input":"clear_done","to":12,"output":"OK"},{"from":30,"input":"create_todo","to":32,"output":"OK"},{"from":30,"input":"delete_todo","to":30,"output":"OK"},{"from":30,"input":"read_todo","to":30,"output":"OK"},{"from":30,"input":"toggle_done","to":30,"output":"OK"},{"from":30,"input":"toggle_done_all","to":31,"output":"OK"},{"from":30,"input":"update_todo","to":30,"output":"OK"},{"from":30,"input":"view_active","to":30,"output":"OK"},{"from":30,"input":"view_all","to":30,"output":"OK"},{"from":30,"input":"view_done","to":26,"output":"OK"},{"from":31,"input":"0_left","to":31,"output":"OK"},{"from":31,"input":"1_left","to":31,"output":"FAILED(4)"},{"from":31,"input":"2_left","to":31,"output":"FAILED(4)"},{"from":31,"input":"clear_done","to":12,"output":"OK"},{"from":31,"input":"create_todo","to":32,"output":"OK"},{"from":31,"input":"delete_todo","to":31,"output":"FAILED(2)"},{"from":31,"input":"read_todo","to":31,"output":"FAILED(2)"},{"from":31,"input":"toggle_done","to":31,"output":"FAILED(2)"},{"from":31,"input":"toggle_done_all","to":29,"output":"OK"},{"from":31,"input":"update_todo","to":31,"output":"FAILED(2)"},{"from":31,"input":"view_active","to":31,"output":"OK"},{"from":31,"input":"view_all","to":2,"output":"OK"},{"from":31,"input":"view_done","to":10,"output":"OK"},{"from":32,"input":"0_left","to":32,"output":"FAILED(4)"},{"from":32,"input":"1_left","to":32,"output":"OK"},{"from":32,"input":"2_left","to":32,"output":"FAILED(4)"},{"from":32,"input":"clear_done","to":7,"output":"OK"},{"from":32,"input":"create_todo","to":33,"output":"OK"},{"from":32,"input":"delete_todo","to":30,"output":"OK"},{"from":32,"input":"read_todo","to":32,"output":"OK"},{"from":32,"input":"toggle_done","to":3,"output":"OK"},{"from":32,"input":"toggle_done_all","to":3,"output":"OK"},{"from":32,"input":"update_todo","to":32,"output":"OK"},{"from":32,"input":"view_active","to":32,"output":"OK"},{"from":32,"input":"view_all","to":34,"output":"OK"},{"from":32,"input":"view_done","to":26,"output":"OK"},{"from":33,"input":"0_left","to":33,"output":"FAILED(4)"},{"from":33,"input":"1_left","to":33,"output":"FAILED(4)"},{"from":33,"input":"2_left","to":33,"output":"OK"},{"from":33,"input":"clear_done","to":23,"output":"OK"},{"from":33,"input":"create_todo","to":33,"output":"FAILED(1)"},{"from":33,"input":"delete_todo","to":13,"output":"OK"},{"from":33,"input":"read_todo","to":33,"output":"OK"},{"from":33,"input":"toggle_done","to":13,"output":"OK"},{"from":33,"input":"toggle_done_all","to":14,"output":"OK"},{"from":33,"input":"update_todo","to":33,"output":"OK"},{"from":33,"input":"view_active","to":33,"output":"OK"},{"from":33,"input":"view_all","to":37,"output":"OK"},{"from":33,"input":"view_done","to":37,"output":"OK"},{"from":34,"input":"0_left","to":34,"output":"FAILED(4)"},{"from":34,"input":"1_left","to":34,"output":"OK"},{"from":34,"input":"2_left","to":34,"output":"FAILED(4)"},{"from":34,"input":"clear_done","to":0,"output":"OK"},{"from":34,"input":"create_todo","to":22,"output":"OK"},{"from":34,"input":"delete_todo","to":35,"output":"OK"},{"from":34,"input":"read_todo","to":34,"output":"OK"},{"from":34,"input":"toggle_done","to":36,"output":"OK"},{"from":34,"input":"toggle_done_all","to":2,"output":"OK"},{"from":34,"input":"update_todo","to":34,"output":"OK"},{"from":34,"input":"view_active","to":27,"output":"OK"},{"from":34,"input":"view_all","to":34,"output":"OK"},{"from":34,"input":"view_done","to":26,"output":"OK"},{"from":35,"input":"0_left","to":35,"output":"FAILED(4)"},{"from":35,"input":"1_left","to":35,"output":"OK"},{"from":35,"input":"2_left","to":35,"output":"FAILED(4)"},{"from":35,"input":"clear_done","to":0,"output":"OK"},{"from":35,"input":"create_todo","to":36,"output":"OK"},{"from":35,"input":"delete_todo","to":35,"output":"OK"},{"from":35,"input":"read_todo","to":35,"output":"OK"},{"from":35,"input":"toggle_done","to":35,"output":"OK"},{"from":35,"input":"toggle_done_all","to":35,"output":"OK"},{"from":35,"input":"update_todo","to":35,"output":"OK"},{"from":35,"input":"view_active","to":27,"output":"OK"},{"from":35,"input":"view_all","to":35,"output":"OK"},{"from":35,"input":"view_done","to":27,"output":"OK"},{"from":36,"input":"0_left","to":36,"output":"FAILED(4)"},{"from":36,"input":"1_left","to":36,"output":"OK"},{"from":36,"input":"2_left","to":36,"output":"FAILED(4)"},{"from":36,"input":"clear_done","to":36,"output":"FAILED(2)"},{"from":36,"input":"create_todo","to":37,"output":"OK"},{"from":36,"input":"delete_todo","to":36,"output":"OK"},{"from":36,"input":"read_todo","to":36,"output":"OK"},{"from":36,"input":"toggle_done","to":2,"output":"OK"},{"from":36,"input":"toggle_done_all","to":2,"output":"OK"},{"from":36,"input":"update_todo","to":36,"output":"OK"},{"from":36,"input":"view_active","to":29,"output":"OK"},{"from":36,"input":"view_all","to":36,"output":"OK"},{"from":36,"input":"view_done","to":8,"output":"OK"},{"from":37,"input":"0_left","to":37,"output":"FAILED(4)"},{"from":37,"input":"1_left","to":37,"output":"FAILED(4)"},{"from":37,"input":"2_left","to":37,"output":"OK"},{"from":37,"input":"clear_done","to":37,"output":"FAILED(2)"},{"from":37,"input":"create_todo","to":37,"output":"FAILED(1)"},{"from":37,"input":"delete_todo","to":38,"output":"OK"},{"from":37,"input":"read_todo","to":37,"output":"OK"},{"from":37,"input":"toggle_done","to":22,"output":"OK"},{"from":37,"input":"toggle_done_all","to":5,"output":"OK"},{"from":37,"input":"update_todo","to":37,"output":"OK"},{"from":37,"input":"view_active","to":6,"output":"OK"},{"from":37,"input":"view_all","to":37,"output":"OK"},{"from":37,"input":"view_done","to":9,"output":"OK"},{"from":38,"input":"0_left","to":38,"output":"FAILED(4)"},{"from":38,"input":"1_left","to":38,"output":"FAILED(4)"},{"from":38,"input":"2_left","to":38,"output":"OK"},{"from":38,"input":"clear_done","to":38,"output":"FAILED(2)"},{"from":38,"input":"create_todo","to":37,"output":"OK"},{"from":38,"input":"delete_todo","to":38,"output":"FAILED(2)"},{"from":38,"input":"read_todo","to":38,"output":"FAILED(2)"},{"from":38,"input":"toggle_done","to":38,"output":"FAILED(2)"},{"from":38,"input":"toggle_done_all","to":42,"output":"OK"},{"from":38,"input":"update_todo","to":38,"output":"FAILED(2)"},{"from":38,"input":"view_active","to":39,"output":"OK"},{"from":38,"input":"view_all","to":38,"output":"OK"},{"from":38,"input":"view_done","to":9,"output":"OK"},{"from":39,"input":"0_left","to":39,"output":"FAILED(4)"},{"from":39,"input":"1_left","to":39,"output":"FAILED(4)"},{"from":39,"input":"2_left","to":39,"output":"OK"},{"from":39,"input":"clear_done","to":39,"output":"FAILED(2)"},{"from":39,"input":"create_todo","to":6,"output":"OK"},{"from":39,"input":"delete_todo","to":37,"output":"OK"},{"from":39,"input":"read_todo","to":39,"output":"OK"},{"from":39,"input":"toggle_done","to":28,"output":"OK"},{"from":39,"input":"toggle_done_all","to":28,"output":"OK"},{"from":39,"input":"update_todo","to":39,"output":"OK"},{"from":39,"input":"view_active","to":39,"output":"OK"},{"from":39,"input":"view_all","to":40,"output":"OK"},{"from":39,"input":"view_done","to":9,"output":"OK"},{"from":40,"input":"0_left","to":40,"output":"FAILED(4)"},{"from":40,"input":"1_left","to":40,"output":"FAILED(4)"},{"from":40,"input":"2_left","to":40,"output":"OK"},{"from":40,"input":"clear_done","to":40,"output":"FAILED(2)"},{"from":40,"input":"create_todo","to":37,"output":"OK"},{"from":40,"input":"delete_todo","to":41,"output":"OK"},{"from":40,"input":"read_todo","to":40,"output":"OK"},{"from":40,"input":"toggle_done","to":2,"output":"OK"},{"from":40,"input":"toggle_done_all","to":2,"output":"OK"},{"from":40,"input":"update_todo","to":40,"output":"OK"},{"from":40,"input":"view_active","to":39,"output":"OK"},{"from":40,"input":"view_all","to":40,"output":"OK"},{"from":40,"input":"view_done","to":9,"output":"OK"},{"from":41,"input":"0_left","to":41,"output":"FAILED(4)"},{"from":41,"input":"1_left","to":41,"output":"FAILED(4)"},{"from":41,"input":"2_left","to":41,"output":"OK"},{"from":41,"input":"clear_done","to":41,"output":"FAILED(2)"},{"from":41,"input":"create_todo","to":36,"output":"OK"},{"from":41,"input":"delete_todo","to":41,"output":"OK"},{"from":41,"input":"read_todo","to":41,"output":"OK"},{"from":41,"input":"toggle_done","to":41,"output":"OK"},{"from":41,"input":"toggle_done_all","to":41,"output":"OK"},{"from":41,"input":"update_todo","to":41,"output":"OK"},{"from":41,"input":"view_active","to":38,"output":"OK"},{"from":41,"input":"view_all","to":41,"output":"OK"},{"from":41,"input":"view_done","to":38,"output":"OK"},{"from":42,"input":"0_left","to":42,"output":"OK"},{"from":42,"input":"1_left","to":42,"output":"FAILED(4)"},{"from":42,"input":"2_left","to":42,"output":"FAILED(4)"},{"from":42,"input":"clear_done","to":0,"output":"OK"},{"from":42,"input":"create_todo","to":22,"output":"OK"},{"from":42,"input":"delete_todo","to":42,"output":"FAILED(2)"},{"from":42,"input":"read_todo","to":42,"output":"FAILED(2)"},{"from":42,"input":"toggle_done","to":42,"output":"FAILED(2)"},{"from":42,"input":"toggle_done_all","to":8,"output":"OK"},{"from":42,"input":"update_todo","to":42,"output":"FAILED(2)"},{"from":42,"input":"view_active","to":28,"output":"OK"},{"from":42,"input":"view_all","to":42,"output":"OK"},{"from":42,"input":"view_done","to":10,"output":"OK"}]}