[{"name":"Create User","abbreviation":"createUser","actions":[{"type":"web_goto","negated":false,"ignoreFailure":false,"disabled":false,"url":"/"},{"type":"web_checkForText","negated":false,"ignoreFailure":false,"disabled":false,"value":"Account erstellen","regexp":false},{"type":"web_click","negated":false,"ignoreFailure":false,"disabled":false,"node":"#myTab > li:nth-child(2) > a"},{"type":"web_fill","negated":false,"ignoreFailure":false,"disabled":false,"node":"#register_firstname","value":"user"},{"type":"web_fill","negated":false,"ignoreFailure":false,"disabled":false,"node":"#register_lastname","value":"user"},{"type":"web_fill","negated":false,"ignoreFailure":false,"disabled":false,"node":"#register_email","value":"user@user.de"},{"type":"web_fill","negated":false,"ignoreFailure":false,"disabled":false,"node":"#register_password","value":"user"},{"type":"web_fill","negated":false,"ignoreFailure":false,"disabled":false,"node":"#register_passwordcheck","value":"user"},{"type":"web_submit","negated":false,"ignoreFailure":false,"disabled":false,"node":"#register"},{"type":"web_checkForText","negated":false,"ignoreFailure":false,"disabled":false,"value":"erfolgreicht erstellt!","regexp":false}]},{"name":"DeleteUser","abbreviation":"deleteUser","actions":[{"type":"web_goto","negated":false,"ignoreFailure":false,"disabled":false,"url":"/account/delete"},{"type":"web_fill","negated":false,"ignoreFailure":false,"disabled":false,"node":"#password","value":"user"},{"type":"web_submit","negated":false,"ignoreFailure":false,"disabled":false,"node":"#confirm"},{"type":"web_checkForText","negated":false,"ignoreFailure":false,"disabled":false,"value":"Schade das Sie uns verlassen haben.","regexp":false}]},{"name":"Login","abbreviation":"login","actions":[{"type":"web_goto","negated":false,"ignoreFailure":false,"disabled":false,"url":"/"},{"type":"web_fill","negated":false,"ignoreFailure":false,"disabled":false,"node":"#login_email","value":"user@user.de"},{"type":"web_fill","negated":false,"ignoreFailure":false,"disabled":false,"node":"#login_password","value":"user"},{"type":"web_submit","negated":false,"ignoreFailure":false,"disabled":false,"node":"#login"},{"type":"web_checkForText","negated":false,"ignoreFailure":false,"disabled":false,"value":"Hallo user user","regexp":false}]},{"name":"Logout","abbreviation":"logout","actions":[{"type":"web_goto","negated":false,"ignoreFailure":false,"disabled":false,"url":"/logout"},{"type":"web_checkForText","negated":false,"ignoreFailure":false,"disabled":false,"value":"Einloggen","regexp":false}]},{"name":"Reset","abbreviation":"reset","actions":[{"type":"web_goto","negated":false,"ignoreFailure":false,"disabled":false,"url":"/logout"},{"type":"web_fill","negated":false,"ignoreFailure":false,"disabled":false,"node":"#login_email","value":"admin@admin.de"},{"type":"web_fill","negated":false,"ignoreFailure":false,"disabled":false,"node":"#login_password","value":"admin"},{"type":"web_submit","negated":false,"ignoreFailure":false,"disabled":false,"node":"#login"},{"type":"web_goto","negated":false,"ignoreFailure":false,"disabled":false,"url":"/users/all"},{"type":"web_click","negated":false,"ignoreFailure":false,"disabled":false,"node":"body > div.page.container > div > div.col-md-9 > a"},{"type":"web_goto","negated":false,"ignoreFailure":false,"disabled":false,"url":"/logout"}]},{"name":"Create Task","abbreviation":"createTask","actions":[{"type":"web_goto","negated":false,"ignoreFailure":false,"disabled":false,"url":"/tasks/all"},{"type":"web_checkForText","negated":false,"ignoreFailure":false,"disabled":false,"value":"Keine Aufgaben gefunden!","regexp":false},{"type":"web_goto","negated":false,"ignoreFailure":false,"disabled":false,"url":"/tasks/create"},{"type":"web_fill","negated":false,"ignoreFailure":false,"disabled":false,"node":"#title","value":"task"},{"type":"web_submit","negated":false,"ignoreFailure":false,"disabled":false,"node":"#task"},{"type":"web_checkForText","negated":false,"ignoreFailure":false,"disabled":false,"value":"erfolgreicht erstellt!","regexp":false}]},{"name":"Update Task","abbreviation":"updateTask","actions":[{"type":"web_goto","negated":false,"ignoreFailure":false,"disabled":false,"url":"/tasks/all"},{"type":"web_clickLinkByText","negated":false,"ignoreFailure":false,"disabled":false,"value":"task"},{"type":"web_clickLinkByText","negated":false,"ignoreFailure":false,"disabled":false,"value":"Bearbeiten"},{"type":"web_fill","negated":false,"ignoreFailure":false,"disabled":false,"node":"#title","value":"task"},{"type":"web_submit","negated":false,"ignoreFailure":false,"disabled":false,"node":"#task"},{"type":"web_checkForText","negated":false,"ignoreFailure":false,"disabled":false,"value":"erfolgreicht aktualisiert!","regexp":false}]},{"name":"Delete Task","abbreviation":"deleteTask","actions":[{"type":"web_goto","negated":false,"ignoreFailure":false,"disabled":false,"url":"/tasks/all"},{"type":"web_clickLinkByText","negated":false,"ignoreFailure":false,"disabled":false,"value":"task"},{"type":"web_click","negated":false,"ignoreFailure":false,"disabled":false,"node":"body > div.page.container > div > div.col-md-9 > div > a:nth-child(2)"},{"type":"web_click","negated":false,"ignoreFailure":false,"disabled":false,"node":"body > div.page.container > div > div.col-md-9 > div > a:nth-child(2)"},{"type":"web_checkForText","negated":false,"ignoreFailure":false,"disabled":false,"value":"erfolgreicht","regexp":false}]},{"name":"Create Category","abbreviation":"createCategory","actions":[{"type":"web_goto","negated":false,"ignoreFailure":false,"disabled":false,"url":"/categories/all"},{"type":"web_checkForText","negated":true,"ignoreFailure":false,"disabled":false,"value":"category1","regexp":false},{"type":"web_fill","negated":false,"ignoreFailure":false,"disabled":false,"node":"#textfield","value":"category1"},{"type":"web_submit","negated":false,"ignoreFailure":false,"disabled":false,"node":"#category"},{"type":"web_checkForText","negated":false,"ignoreFailure":false,"disabled":false,"value":"category1","regexp":false}]},{"name":"Delete Category","abbreviation":"deleteCategory","actions":[{"type":"web_goto","negated":false,"ignoreFailure":false,"disabled":false,"url":"/categories/all"},{"type":"web_checkForText","negated":false,"ignoreFailure":false,"disabled":false,"value":"category1","regexp":false},{"type":"web_click","negated":false,"ignoreFailure":false,"disabled":false,"node":"body > div.page.container > div > div.col-md-9 > div > table > tbody > tr > td.actions > div > a.btn.btn-danger.has-tooltip"},{"type":"web_checkForText","negated":true,"ignoreFailure":false,"disabled":false,"value":"category1","regexp":false}]},{"name":"Update Category","abbreviation":"updateCategory","actions":[{"type":"web_goto","negated":false,"ignoreFailure":false,"disabled":false,"url":"/categories/all"},{"type":"web_checkForText","negated":false,"ignoreFailure":false,"disabled":false,"value":"category1","regexp":false},{"type":"web_click","negated":false,"ignoreFailure":false,"disabled":false,"node":"body > div.page.container > div > div.col-md-9 > div > table > tbody > tr > td.actions > div > a.btn.btn-default.has-tooltip"},{"type":"web_fill","negated":false,"ignoreFailure":false,"disabled":false,"node":"#textfield","value":"category"},{"type":"web_submit","negated":false,"ignoreFailure":false,"disabled":false,"node":"#category"},{"type":"web_checkForText","negated":false,"ignoreFailure":false,"disabled":false,"value":"erfolgreich umbenannt!","regexp":false}]},{"name":"Assign Category","abbreviation":"assignCategory","actions":[{"type":"web_goto","negated":false,"ignoreFailure":false,"disabled":false,"url":"/tasks/all"},{"type":"web_clickLinkByText","negated":false,"ignoreFailure":false,"disabled":false,"value":"task"},{"type":"web_clickLinkByText","negated":false,"ignoreFailure":false,"disabled":false,"value":"Bearbeiten"},{"type":"web_select","negated":false,"ignoreFailure":false,"disabled":false,"node":"#categoryMenu","value":"category1","selectBy":"TEXT"},{"type":"web_submit","negated":false,"ignoreFailure":false,"disabled":false,"node":"#task"},{"type":"web_checkForText","negated":false,"ignoreFailure":false,"disabled":false,"value":"erfolgreicht aktualisiert!","regexp":false}]}]