{"nodes":[3,15,0,8,16,25,14,17,21,4,1,20,12,29,18,27,28,6,5,23,24,2,13,30,9,19,22,11,7,10,26],"initNode":0,"edges":[{"from":0,"input":"toggle_done","to":0,"output":"FAILED(2)"},{"from":0,"input":"0_left","to":0,"output":"FAILED(2)"},{"from":0,"input":"toggle_done_all","to":0,"output":"FAILED(2)"},{"from":0,"input":"view_active","to":0,"output":"FAILED(2)"},{"from":0,"input":"delete_todo","to":0,"output":"FAILED(2)"},{"from":0,"input":"view_done","to":0,"output":"FAILED(2)"},{"from":0,"input":"view_all","to":0,"output":"FAILED(2)"},{"from":0,"input":"create_todo","to":1,"output":"OK"},{"from":0,"input":"read_todo","to":0,"output":"FAILED(2)"},{"from":0,"input":"update_todo","to":0,"output":"FAILED(3)"},{"from":0,"input":"clear_done","to":0,"output":"FAILED(2)"},{"from":0,"input":"1_left","to":0,"output":"FAILED(2)"},{"from":1,"input":"toggle_done","to":6,"output":"OK"},{"from":1,"input":"0_left","to":1,"output":"FAILED(4)"},{"from":1,"input":"toggle_done_all","to":6,"output":"OK"},{"from":1,"input":"view_active","to":8,"output":"OK"},{"from":1,"input":"delete_todo","to":0,"output":"OK"},{"from":1,"input":"view_done","to":2,"output":"OK"},{"from":1,"input":"view_all","to":1,"output":"OK"},{"from":1,"input":"create_todo","to":1,"output":"FAILED(1)"},{"from":1,"input":"read_todo","to":1,"output":"OK"},{"from":1,"input":"update_todo","to":4,"output":"OK"},{"from":1,"input":"clear_done","to":1,"output":"FAILED(2)"},{"from":1,"input":"1_left","to":1,"output":"OK"},{"from":2,"input":"toggle_done","to":2,"output":"FAILED(2)"},{"from":2,"input":"0_left","to":2,"output":"FAILED(4)"},{"from":2,"input":"toggle_done_all","to":3,"output":"OK"},{"from":2,"input":"view_active","to":8,"output":"OK"},{"from":2,"input":"delete_todo","to":2,"output":"FAILED(2)"},{"from":2,"input":"view_done","to":2,"output":"OK"},{"from":2,"input":"view_all","to":1,"output":"OK"},{"from":2,"input":"create_todo","to":2,"output":"FAILED(1)"},{"from":2,"input":"read_todo","to":2,"output":"FAILED(2)"},{"from":2,"input":"update_todo","to":2,"output":"FAILED(3)"},{"from":2,"input":"clear_done","to":2,"output":"FAILED(2)"},{"from":2,"input":"1_left","to":2,"output":"OK"},{"from":3,"input":"toggle_done","to":2,"output":"OK"},{"from":3,"input":"0_left","to":3,"output":"FAILED(4)"},{"from":3,"input":"toggle_done_all","to":2,"output":"OK"},{"from":3,"input":"view_active","to":7,"output":"OK"},{"from":3,"input":"delete_todo","to":5,"output":"OK"},{"from":3,"input":"view_done","to":3,"output":"OK"},{"from":3,"input":"view_all","to":6,"output":"OK"},{"from":3,"input":"create_todo","to":3,"output":"FAILED(1)"},{"from":3,"input":"read_todo","to":3,"output":"OK"},{"from":3,"input":"update_todo","to":11,"output":"OK"},{"from":3,"input":"clear_done","to":5,"output":"OK"},{"from":3,"input":"1_left","to":3,"output":"FAILED(4)"},{"from":4,"input":"toggle_done","to":9,"output":"OK"},{"from":4,"input":"0_left","to":4,"output":"FAILED(4)"},{"from":4,"input":"toggle_done_all","to":9,"output":"OK"},{"from":4,"input":"view_active","to":10,"output":"OK"},{"from":4,"input":"delete_todo","to":0,"output":"OK"},{"from":4,"input":"view_done","to":28,"output":"OK"},{"from":4,"input":"view_all","to":4,"output":"OK"},{"from":4,"input":"create_todo","to":4,"output":"FAILED(1)"},{"from":4,"input":"read_todo","to":4,"output":"OK"},{"from":4,"input":"update_todo","to":19,"output":"OK"},{"from":4,"input":"clear_done","to":4,"output":"FAILED(2)"},{"from":4,"input":"1_left","to":4,"output":"OK"},{"from":5,"input":"toggle_done","to":5,"output":"FAILED(2)"},{"from":5,"input":"0_left","to":5,"output":"FAILED(2)"},{"from":5,"input":"toggle_done_all","to":5,"output":"FAILED(2)"},{"from":5,"input":"view_active","to":5,"output":"FAILED(2)"},{"from":5,"input":"delete_todo","to":5,"output":"FAILED(2)"},{"from":5,"input":"view_done","to":5,"output":"FAILED(2)"},{"from":5,"input":"view_all","to":5,"output":"FAILED(2)"},{"from":5,"input":"create_todo","to":2,"output":"OK"},{"from":5,"input":"read_todo","to":5,"output":"FAILED(2)"},{"from":5,"input":"update_todo","to":5,"output":"FAILED(3)"},{"from":5,"input":"clear_done","to":5,"output":"FAILED(2)"},{"from":5,"input":"1_left","to":5,"output":"FAILED(2)"},{"from":6,"input":"toggle_done","to":1,"output":"OK"},{"from":6,"input":"0_left","to":6,"output":"FAILED(4)"},{"from":6,"input":"toggle_done_all","to":1,"output":"OK"},{"from":6,"input":"view_active","to":7,"output":"OK"},{"from":6,"input":"delete_todo","to":0,"output":"OK"},{"from":6,"input":"view_done","to":3,"output":"OK"},{"from":6,"input":"view_all","to":6,"output":"OK"},{"from":6,"input":"create_todo","to":6,"output":"FAILED(1)"},{"from":6,"input":"read_todo","to":6,"output":"OK"},{"from":6,"input":"update_todo","to":9,"output":"OK"},{"from":6,"input":"clear_done","to":0,"output":"OK"},{"from":6,"input":"1_left","to":6,"output":"FAILED(4)"},{"from":7,"input":"toggle_done","to":7,"output":"FAILED(2)"},{"from":7,"input":"0_left","to":7,"output":"FAILED(4)"},{"from":7,"input":"toggle_done_all","to":8,"output":"OK"},{"from":7,"input":"view_active","to":7,"output":"OK"},{"from":7,"input":"delete_todo","to":7,"output":"FAILED(2)"},{"from":7,"input":"view_done","to":3,"output":"OK"},{"from":7,"input":"view_all","to":6,"output":"OK"},{"from":7,"input":"create_todo","to":7,"output":"FAILED(1)"},{"from":7,"input":"read_todo","to":7,"output":"FAILED(2)"},{"from":7,"input":"update_todo","to":7,"output":"FAILED(3)"},{"from":7,"input":"clear_done","to":20,"output":"OK"},{"from":7,"input":"1_left","to":7,"output":"FAILED(4)"},{"from":8,"input":"toggle_done","to":7,"output":"OK"},{"from":8,"input":"0_left","to":8,"output":"FAILED(4)"},{"from":8,"input":"toggle_done_all","to":7,"output":"OK"},{"from":8,"input":"view_active","to":8,"output":"OK"},{"from":8,"input":"delete_todo","to":20,"output":"OK"},{"from":8,"input":"view_done","to":2,"output":"OK"},{"from":8,"input":"view_all","to":1,"output":"OK"},{"from":8,"input":"create_todo","to":8,"output":"FAILED(1)"},{"from":8,"input":"read_todo","to":8,"output":"OK"},{"from":8,"input":"update_todo","to":10,"output":"OK"},{"from":8,"input":"clear_done","to":8,"output":"FAILED(2)"},{"from":8,"input":"1_left","to":8,"output":"OK"},{"from":9,"input":"toggle_done","to":4,"output":"OK"},{"from":9,"input":"0_left","to":9,"output":"FAILED(4)"},{"from":9,"input":"toggle_done_all","to":4,"output":"OK"},{"from":9,"input":"view_active","to":15,"output":"OK"},{"from":9,"input":"delete_todo","to":0,"output":"OK"},{"from":9,"input":"view_done","to":11,"output":"OK"},{"from":9,"input":"view_all","to":9,"output":"OK"},{"from":9,"input":"create_todo","to":9,"output":"FAILED(1)"},{"from":9,"input":"read_todo","to":9,"output":"OK"},{"from":9,"input":"update_todo","to":18,"output":"OK"},{"from":9,"input":"clear_done","to":0,"output":"OK"},{"from":9,"input":"1_left","to":9,"output":"FAILED(4)"},{"from":10,"input":"toggle_done","to":15,"output":"OK"},{"from":10,"input":"0_left","to":10,"output":"FAILED(4)"},{"from":10,"input":"toggle_done_all","to":15,"output":"OK"},{"from":10,"input":"view_active","to":10,"output":"OK"},{"from":10,"input":"delete_todo","to":20,"output":"OK"},{"from":10,"input":"view_done","to":28,"output":"OK"},{"from":10,"input":"view_all","to":4,"output":"OK"},{"from":10,"input":"create_todo","to":10,"output":"FAILED(1)"},{"from":10,"input":"read_todo","to":10,"output":"OK"},{"from":10,"input":"update_todo","to":29,"output":"OK"},{"from":10,"input":"clear_done","to":10,"output":"FAILED(2)"},{"from":10,"input":"1_left","to":10,"output":"OK"},{"from":11,"input":"toggle_done","to":28,"output":"OK"},{"from":11,"input":"0_left","to":11,"output":"FAILED(4)"},{"from":11,"input":"toggle_done_all","to":28,"output":"OK"},{"from":11,"input":"view_active","to":15,"output":"OK"},{"from":11,"input":"delete_todo","to":5,"output":"OK"},{"from":11,"input":"view_done","to":11,"output":"OK"},{"from":11,"input":"view_all","to":9,"output":"OK"},{"from":11,"input":"create_todo","to":11,"output":"FAILED(1)"},{"from":11,"input":"read_todo","to":11,"output":"OK"},{"from":11,"input":"update_todo","to":12,"output":"OK"},{"from":11,"input":"clear_done","to":5,"output":"OK"},{"from":11,"input":"1_left","to":11,"output":"FAILED(4)"},{"from":12,"input":"toggle_done","to":12,"output":"FAILED(2)"},{"from":12,"input":"0_left","to":12,"output":"FAILED(4)"},{"from":12,"input":"toggle_done_all","to":27,"output":"OK"},{"from":12,"input":"view_active","to":14,"output":"OK"},{"from":12,"input":"delete_todo","to":12,"output":"FAILED(2)"},{"from":12,"input":"view_done","to":11,"output":"OK"},{"from":12,"input":"view_all","to":13,"output":"OK"},{"from":12,"input":"create_todo","to":12,"output":"FAILED(1)"},{"from":12,"input":"read_todo","to":12,"output":"OK"},{"from":12,"input":"update_todo","to":12,"output":"FAILED(3)"},{"from":12,"input":"clear_done","to":5,"output":"OK"},{"from":12,"input":"1_left","to":12,"output":"FAILED(4)"},{"from":13,"input":"toggle_done","to":4,"output":"OK"},{"from":13,"input":"0_left","to":13,"output":"FAILED(4)"},{"from":13,"input":"toggle_done_all","to":4,"output":"OK"},{"from":13,"input":"view_active","to":15,"output":"OK"},{"from":13,"input":"delete_todo","to":0,"output":"OK"},{"from":13,"input":"view_done","to":11,"output":"OK"},{"from":13,"input":"view_all","to":9,"output":"OK"},{"from":13,"input":"create_todo","to":13,"output":"FAILED(1)"},{"from":13,"input":"read_todo","to":13,"output":"OK"},{"from":13,"input":"update_todo","to":13,"output":"FAILED(7)"},{"from":13,"input":"clear_done","to":0,"output":"OK"},{"from":13,"input":"1_left","to":13,"output":"FAILED(4)"},{"from":14,"input":"toggle_done","to":14,"output":"FAILED(2)"},{"from":14,"input":"0_left","to":14,"output":"FAILED(4)"},{"from":14,"input":"toggle_done_all","to":16,"output":"OK"},{"from":14,"input":"view_active","to":14,"output":"OK"},{"from":14,"input":"delete_todo","to":14,"output":"FAILED(2)"},{"from":14,"input":"view_done","to":17,"output":"OK"},{"from":14,"input":"view_all","to":13,"output":"OK"},{"from":14,"input":"create_todo","to":14,"output":"FAILED(1)"},{"from":14,"input":"read_todo","to":14,"output":"FAILED(2)"},{"from":14,"input":"update_todo","to":14,"output":"FAILED(3)"},{"from":14,"input":"clear_done","to":20,"output":"OK"},{"from":14,"input":"1_left","to":14,"output":"FAILED(4)"},{"from":15,"input":"toggle_done","to":15,"output":"FAILED(2)"},{"from":15,"input":"0_left","to":15,"output":"FAILED(4)"},{"from":15,"input":"toggle_done_all","to":10,"output":"OK"},{"from":15,"input":"view_active","to":15,"output":"OK"},{"from":15,"input":"delete_todo","to":15,"output":"FAILED(2)"},{"from":15,"input":"view_done","to":11,"output":"OK"},{"from":15,"input":"view_all","to":9,"output":"OK"},{"from":15,"input":"create_todo","to":15,"output":"FAILED(1)"},{"from":15,"input":"read_todo","to":15,"output":"FAILED(2)"},{"from":15,"input":"update_todo","to":15,"output":"FAILED(3)"},{"from":15,"input":"clear_done","to":20,"output":"OK"},{"from":15,"input":"1_left","to":15,"output":"FAILED(4)"},{"from":16,"input":"toggle_done","to":15,"output":"OK"},{"from":16,"input":"0_left","to":16,"output":"FAILED(4)"},{"from":16,"input":"toggle_done_all","to":15,"output":"OK"},{"from":16,"input":"view_active","to":10,"output":"OK"},{"from":16,"input":"delete_todo","to":20,"output":"OK"},{"from":16,"input":"view_done","to":28,"output":"OK"},{"from":16,"input":"view_all","to":4,"output":"OK"},{"from":16,"input":"create_todo","to":16,"output":"FAILED(1)"},{"from":16,"input":"read_todo","to":16,"output":"OK"},{"from":16,"input":"update_todo","to":16,"output":"FAILED(7)"},{"from":16,"input":"clear_done","to":16,"output":"FAILED(2)"},{"from":16,"input":"1_left","to":16,"output":"OK"},{"from":17,"input":"toggle_done","to":28,"output":"OK"},{"from":17,"input":"0_left","to":17,"output":"FAILED(4)"},{"from":17,"input":"toggle_done_all","to":28,"output":"OK"},{"from":17,"input":"view_active","to":15,"output":"OK"},{"from":17,"input":"delete_todo","to":5,"output":"OK"},{"from":17,"input":"view_done","to":11,"output":"OK"},{"from":17,"input":"view_all","to":9,"output":"OK"},{"from":17,"input":"create_todo","to":17,"output":"FAILED(1)"},{"from":17,"input":"read_todo","to":17,"output":"OK"},{"from":17,"input":"update_todo","to":17,"output":"FAILED(7)"},{"from":17,"input":"clear_done","to":5,"output":"OK"},{"from":17,"input":"1_left","to":17,"output":"FAILED(4)"},{"from":18,"input":"toggle_done","to":18,"output":"FAILED(2)"},{"from":18,"input":"0_left","to":18,"output":"FAILED(4)"},{"from":18,"input":"toggle_done_all","to":4,"output":"OK"},{"from":18,"input":"view_active","to":14,"output":"OK"},{"from":18,"input":"delete_todo","to":18,"output":"FAILED(2)"},{"from":18,"input":"view_done","to":17,"output":"OK"},{"from":18,"input":"view_all","to":9,"output":"OK"},{"from":18,"input":"create_todo","to":18,"output":"FAILED(1)"},{"from":18,"input":"read_todo","to":18,"output":"OK"},{"from":18,"input":"update_todo","to":18,"output":"FAILED(3)"},{"from":18,"input":"clear_done","to":0,"output":"OK"},{"from":18,"input":"1_left","to":18,"output":"FAILED(4)"},{"from":19,"input":"toggle_done","to":19,"output":"FAILED(2)"},{"from":19,"input":"0_left","to":19,"output":"FAILED(4)"},{"from":19,"input":"toggle_done_all","to":9,"output":"OK"},{"from":19,"input":"view_active","to":16,"output":"OK"},{"from":19,"input":"delete_todo","to":19,"output":"FAILED(2)"},{"from":19,"input":"view_done","to":27,"output":"OK"},{"from":19,"input":"view_all","to":4,"output":"OK"},{"from":19,"input":"create_todo","to":19,"output":"FAILED(1)"},{"from":19,"input":"read_todo","to":19,"output":"OK"},{"from":19,"input":"update_todo","to":19,"output":"FAILED(3)"},{"from":19,"input":"clear_done","to":19,"output":"FAILED(2)"},{"from":19,"input":"1_left","to":19,"output":"OK"},{"from":20,"input":"toggle_done","to":20,"output":"FAILED(2)"},{"from":20,"input":"0_left","to":20,"output":"FAILED(2)"},{"from":20,"input":"toggle_done_all","to":20,"output":"FAILED(2)"},{"from":20,"input":"view_active","to":20,"output":"FAILED(2)"},{"from":20,"input":"delete_todo","to":20,"output":"FAILED(2)"},{"from":20,"input":"view_done","to":20,"output":"FAILED(2)"},{"from":20,"input":"view_all","to":20,"output":"FAILED(2)"},{"from":20,"input":"create_todo","to":21,"output":"OK"},{"from":20,"input":"read_todo","to":20,"output":"FAILED(2)"},{"from":20,"input":"update_todo","to":20,"output":"FAILED(3)"},{"from":20,"input":"clear_done","to":20,"output":"FAILED(2)"},{"from":20,"input":"1_left","to":20,"output":"FAILED(2)"},{"from":21,"input":"toggle_done","to":22,"output":"OK"},{"from":21,"input":"0_left","to":21,"output":"FAILED(4)"},{"from":21,"input":"toggle_done_all","to":24,"output":"OK"},{"from":21,"input":"view_active","to":21,"output":"OK"},{"from":21,"input":"delete_todo","to":20,"output":"OK"},{"from":21,"input":"view_done","to":2,"output":"OK"},{"from":21,"input":"view_all","to":1,"output":"OK"},{"from":21,"input":"create_todo","to":21,"output":"FAILED(1)"},{"from":21,"input":"read_todo","to":21,"output":"OK"},{"from":21,"input":"update_todo","to":23,"output":"OK"},{"from":21,"input":"clear_done","to":21,"output":"FAILED(2)"},{"from":21,"input":"1_left","to":21,"output":"OK"},{"from":22,"input":"toggle_done","to":22,"output":"FAILED(2)"},{"from":22,"input":"0_left","to":22,"output":"FAILED(4)"},{"from":22,"input":"toggle_done_all","to":24,"output":"OK"},{"from":22,"input":"view_active","to":22,"output":"OK"},{"from":22,"input":"delete_todo","to":22,"output":"FAILED(2)"},{"from":22,"input":"view_done","to":26,"output":"OK"},{"from":22,"input":"view_all","to":25,"output":"OK"},{"from":22,"input":"create_todo","to":22,"output":"FAILED(1)"},{"from":22,"input":"read_todo","to":22,"output":"FAILED(2)"},{"from":22,"input":"update_todo","to":22,"output":"FAILED(3)"},{"from":22,"input":"clear_done","to":22,"output":"FAILED(2)"},{"from":22,"input":"1_left","to":22,"output":"OK"},{"from":23,"input":"toggle_done","to":22,"output":"OK"},{"from":23,"input":"0_left","to":23,"output":"FAILED(4)"},{"from":23,"input":"toggle_done_all","to":24,"output":"OK"},{"from":23,"input":"view_active","to":23,"output":"OK"},{"from":23,"input":"delete_todo","to":20,"output":"OK"},{"from":23,"input":"view_done","to":28,"output":"OK"},{"from":23,"input":"view_all","to":4,"output":"OK"},{"from":23,"input":"create_todo","to":23,"output":"FAILED(1)"},{"from":23,"input":"read_todo","to":23,"output":"OK"},{"from":23,"input":"update_todo","to":29,"output":"OK"},{"from":23,"input":"clear_done","to":23,"output":"FAILED(2)"},{"from":23,"input":"1_left","to":23,"output":"OK"},{"from":24,"input":"toggle_done","to":24,"output":"FAILED(2)"},{"from":24,"input":"0_left","to":24,"output":"FAILED(4)"},{"from":24,"input":"toggle_done_all","to":8,"output":"OK"},{"from":24,"input":"view_active","to":24,"output":"OK"},{"from":24,"input":"delete_todo","to":24,"output":"FAILED(2)"},{"from":24,"input":"view_done","to":26,"output":"OK"},{"from":24,"input":"view_all","to":25,"output":"OK"},{"from":24,"input":"create_todo","to":24,"output":"FAILED(1)"},{"from":24,"input":"read_todo","to":24,"output":"FAILED(2)"},{"from":24,"input":"update_todo","to":24,"output":"FAILED(3)"},{"from":24,"input":"clear_done","to":24,"output":"FAILED(2)"},{"from":24,"input":"1_left","to":24,"output":"OK"},{"from":25,"input":"toggle_done","to":1,"output":"OK"},{"from":25,"input":"0_left","to":25,"output":"FAILED(4)"},{"from":25,"input":"toggle_done_all","to":1,"output":"OK"},{"from":25,"input":"view_active","to":24,"output":"OK"},{"from":25,"input":"delete_todo","to":0,"output":"OK"},{"from":25,"input":"view_done","to":26,"output":"OK"},{"from":25,"input":"view_all","to":25,"output":"OK"},{"from":25,"input":"create_todo","to":25,"output":"FAILED(1)"},{"from":25,"input":"read_todo","to":25,"output":"OK"},{"from":25,"input":"update_todo","to":4,"output":"OK"},{"from":25,"input":"clear_done","to":25,"output":"FAILED(2)"},{"from":25,"input":"1_left","to":25,"output":"OK"},{"from":26,"input":"toggle_done","to":22,"output":"OK"},{"from":26,"input":"0_left","to":26,"output":"FAILED(4)"},{"from":26,"input":"toggle_done_all","to":2,"output":"OK"},{"from":26,"input":"view_active","to":24,"output":"OK"},{"from":26,"input":"delete_todo","to":5,"output":"OK"},{"from":26,"input":"view_done","to":26,"output":"OK"},{"from":26,"input":"view_all","to":25,"output":"OK"},{"from":26,"input":"create_todo","to":26,"output":"FAILED(1)"},{"from":26,"input":"read_todo","to":26,"output":"OK"},{"from":26,"input":"update_todo","to":23,"output":"OK"},{"from":26,"input":"clear_done","to":26,"output":"FAILED(2)"},{"from":26,"input":"1_left","to":26,"output":"OK"},{"from":27,"input":"toggle_done","to":27,"output":"FAILED(2)"},{"from":27,"input":"0_left","to":27,"output":"FAILED(4)"},{"from":27,"input":"toggle_done_all","to":17,"output":"OK"},{"from":27,"input":"view_active","to":16,"output":"OK"},{"from":27,"input":"delete_todo","to":27,"output":"FAILED(2)"},{"from":27,"input":"view_done","to":27,"output":"OK"},{"from":27,"input":"view_all","to":30,"output":"OK"},{"from":27,"input":"create_todo","to":27,"output":"FAILED(1)"},{"from":27,"input":"read_todo","to":27,"output":"FAILED(2)"},{"from":27,"input":"update_todo","to":27,"output":"FAILED(3)"},{"from":27,"input":"clear_done","to":27,"output":"FAILED(2)"},{"from":27,"input":"1_left","to":27,"output":"OK"},{"from":28,"input":"toggle_done","to":28,"output":"FAILED(2)"},{"from":28,"input":"0_left","to":28,"output":"FAILED(4)"},{"from":28,"input":"toggle_done_all","to":11,"output":"OK"},{"from":28,"input":"view_active","to":10,"output":"OK"},{"from":28,"input":"delete_todo","to":28,"output":"FAILED(2)"},{"from":28,"input":"view_done","to":28,"output":"OK"},{"from":28,"input":"view_all","to":4,"output":"OK"},{"from":28,"input":"create_todo","to":28,"output":"FAILED(1)"},{"from":28,"input":"read_todo","to":28,"output":"FAILED(2)"},{"from":28,"input":"update_todo","to":28,"output":"FAILED(3)"},{"from":28,"input":"clear_done","to":28,"output":"FAILED(2)"},{"from":28,"input":"1_left","to":28,"output":"OK"},{"from":29,"input":"toggle_done","to":29,"output":"FAILED(2)"},{"from":29,"input":"0_left","to":29,"output":"FAILED(4)"},{"from":29,"input":"toggle_done_all","to":14,"output":"OK"},{"from":29,"input":"view_active","to":10,"output":"OK"},{"from":29,"input":"delete_todo","to":29,"output":"FAILED(2)"},{"from":29,"input":"view_done","to":27,"output":"OK"},{"from":29,"input":"view_all","to":30,"output":"OK"},{"from":29,"input":"create_todo","to":29,"output":"FAILED(1)"},{"from":29,"input":"read_todo","to":29,"output":"OK"},{"from":29,"input":"update_todo","to":29,"output":"FAILED(3)"},{"from":29,"input":"clear_done","to":29,"output":"FAILED(2)"},{"from":29,"input":"1_left","to":29,"output":"OK"},{"from":30,"input":"toggle_done","to":9,"output":"OK"},{"from":30,"input":"0_left","to":30,"output":"FAILED(4)"},{"from":30,"input":"toggle_done_all","to":9,"output":"OK"},{"from":30,"input":"view_active","to":10,"output":"OK"},{"from":30,"input":"delete_todo","to":0,"output":"OK"},{"from":30,"input":"view_done","to":28,"output":"OK"},{"from":30,"input":"view_all","to":4,"output":"OK"},{"from":30,"input":"create_todo","to":30,"output":"FAILED(1)"},{"from":30,"input":"read_todo","to":30,"output":"OK"},{"from":30,"input":"update_todo","to":30,"output":"FAILED(7)"},{"from":30,"input":"clear_done","to":30,"output":"FAILED(2)"},{"from":30,"input":"1_left","to":30,"output":"OK"}]}