[{"name":"Reset","abbreviation":"reset","actions":[{"type":"setVariable","negated":false,"ignoreFailure":false,"disabled":false,"name":"task_created","value":"false"},{"type":"setVariable","negated":false,"ignoreFailure":false,"disabled":false,"name":"todo_name","value":"Our Test Task"},{"type":"setVariable","negated":false,"ignoreFailure":false,"disabled":false,"name":"todoCount","value":""},{"type":"web_goto","negated":false,"ignoreFailure":false,"disabled":false,"url":"/","credentials":{"name":"","password":""}},{"type":"web_waitForNode","negated":false,"ignoreFailure":false,"disabled":false,"waitCriterion":"VISIBLE","node":"input[placeholder=\"What needs to be done?\"]","maxWaitTime":10}]},{"name":"Create ToDo","abbreviation":"create_todo","actions":[{"type":"assertVariable","negated":false,"ignoreFailure":false,"disabled":false,"name":"task_created","value":"false","regexp":false},{"type":"web_fill","negated":false,"ignoreFailure":false,"disabled":false,"node":"input[placeholder=\"What needs to be done?\"]","value":"Our Test Task"},{"type":"web_pressKey","negated":false,"ignoreFailure":false,"disabled":false,"node":"input[placeholder=\"What needs to be done?\"]","key":"\\ue007"},{"type":"setVariable","negated":false,"ignoreFailure":false,"disabled":false,"name":"todo_name","value":"Our Test Task"},{"type":"setVariable","negated":false,"ignoreFailure":false,"disabled":false,"name":"task_created","value":"true"}]},{"name":"Read ToDo","abbreviation":"read_todo","actions":[{"type":"web_waitForNode","negated":false,"ignoreFailure":true,"disabled":false,"waitCriterion":"ADDED","node":"#todo-list > li:nth-child(1)","maxWaitTime":1},{"type":"web_waitForNode","negated":false,"ignoreFailure":false,"disabled":false,"waitCriterion":"VISIBLE","node":"#todo-list > li:nth-child(1)","maxWaitTime":1},{"type":"web_checkForText","negated":false,"ignoreFailure":false,"disabled":false,"value":"{{$todo_name}}","regexp":false}]},{"name":"Delete ToDo","abbreviation":"delete_todo","actions":[{"type":"web_waitForNode","negated":false,"ignoreFailure":true,"disabled":false,"waitCriterion":"ADDED","node":"#todo-list > li:nth-child(1) > label","maxWaitTime":1},{"type":"web_waitForNode","negated":false,"ignoreFailure":false,"disabled":false,"waitCriterion":"VISIBLE","node":"#todo-list > li:nth-child(1) > label","maxWaitTime":1},{"type":"web_click","negated":false,"ignoreFailure":false,"disabled":false,"node":"#todo-list > li:nth-child(1) > label","doubleClick":false},{"type":"web_click","negated":false,"ignoreFailure":false,"disabled":false,"node":"#todo-list > li:nth-child(1) > button","doubleClick":false},{"type":"setVariable","negated":false,"ignoreFailure":false,"disabled":false,"name":"task_created","value":"false"}]},{"name":"Toggle Done","abbreviation":"toggle_done","actions":[{"type":"web_waitForNode","negated":false,"ignoreFailure":true,"disabled":false,"waitCriterion":"ADDED","node":"#todo-list > li:nth-child(1) > input","maxWaitTime":1},{"type":"web_waitForNode","negated":false,"ignoreFailure":false,"disabled":false,"waitCriterion":"VISIBLE","node":"#todo-list > li:nth-child(1) > input","maxWaitTime":1},{"type":"web_click","negated":false,"ignoreFailure":false,"disabled":false,"node":"#todo-list > li:nth-child(1) > input","doubleClick":false}]},{"name":"View All","abbreviation":"view_all","actions":[{"type":"web_waitForNode","negated":false,"ignoreFailure":true,"disabled":false,"waitCriterion":"ADDED","node":"#filters","maxWaitTime":1},{"type":"web_waitForNode","negated":false,"ignoreFailure":false,"disabled":false,"waitCriterion":"VISIBLE","node":"#filters","maxWaitTime":1},{"type":"web_clickLinkByText","negated":false,"ignoreFailure":false,"disabled":false,"value":"All"}]},{"name":"View Active","abbreviation":"view_active","actions":[{"type":"web_waitForNode","negated":false,"ignoreFailure":true,"disabled":false,"waitCriterion":"ADDED","node":"#filters","maxWaitTime":1},{"type":"web_waitForNode","negated":false,"ignoreFailure":false,"disabled":false,"waitCriterion":"VISIBLE","node":"#filters","maxWaitTime":1},{"type":"web_clickLinkByText","negated":false,"ignoreFailure":false,"disabled":false,"value":"Active"}]},{"name":"View Completed","abbreviation":"view_done","actions":[{"type":"web_waitForNode","negated":false,"ignoreFailure":true,"disabled":false,"waitCriterion":"ADDED","node":"#filters","maxWaitTime":1},{"type":"web_waitForNode","negated":false,"ignoreFailure":false,"disabled":false,"waitCriterion":"VISIBLE","node":"#filters","maxWaitTime":1},{"type":"web_clickLinkByText","negated":false,"ignoreFailure":false,"disabled":false,"value":"Completed"}]},{"name":"1 Item Left","abbreviation":"1_left","actions":[{"type":"web_waitForNode","negated":false,"ignoreFailure":true,"disabled":false,"waitCriterion":"ADDED","node":"#todo-count","maxWaitTime":1},{"type":"web_waitForNode","negated":false,"ignoreFailure":false,"disabled":false,"waitCriterion":"VISIBLE","node":"#todo-count","maxWaitTime":1},{"type":"setVariableByHTML","negated":false,"ignoreFailure":false,"disabled":false,"name":"todoCount","value":"#todo-count"},{"type":"assertVariable","negated":false,"ignoreFailure":false,"disabled":false,"name":"todoCount","value":"^1.*?item.*?left","regexp":true}]},{"name":"Clear completed","abbreviation":"clear_done","actions":[{"type":"web_waitForNode","negated":false,"ignoreFailure":true,"disabled":false,"waitCriterion":"ADDED","node":"#clear-completed","maxWaitTime":1},{"type":"web_waitForNode","negated":false,"ignoreFailure":false,"disabled":false,"waitCriterion":"VISIBLE","node":"#clear-completed","maxWaitTime":1},{"type":"web_click","negated":false,"ignoreFailure":false,"disabled":false,"node":"#clear-completed","doubleClick":false},{"type":"setVariable","negated":false,"ignoreFailure":false,"disabled":false,"name":"task_created","value":"false"}]},{"name":"Update ToDo","abbreviation":"update_todo","actions":[{"type":"web_waitForNode","negated":false,"ignoreFailure":true,"disabled":false,"waitCriterion":"ADDED","node":"#todo-list > li:nth-child(1) > label","maxWaitTime":1},{"type":"web_waitForNode","negated":false,"ignoreFailure":false,"disabled":false,"waitCriterion":"VISIBLE","node":"#todo-list > li:nth-child(1) > label","maxWaitTime":1},{"type":"web_click","negated":false,"ignoreFailure":false,"disabled":false,"node":"#todo-list > li:nth-child(1) > label","doubleClick":true},{"type":"web_waitForNode","negated":false,"ignoreFailure":true,"disabled":false,"waitCriterion":"ADDED","node":"#todo-list > li:nth-child(1) > form > input","maxWaitTime":1},{"type":"web_waitForNode","negated":false,"ignoreFailure":false,"disabled":false,"waitCriterion":"VISIBLE","node":"#todo-list > li:nth-child(1) > form > input","maxWaitTime":1},{"type":"web_fill","negated":false,"ignoreFailure":false,"disabled":false,"node":"#todo-list > li:nth-child(1) > form > input","value":"Our Updated Test Task"},{"type":"web_pressKey","negated":false,"ignoreFailure":false,"disabled":false,"node":"#todo-list > li:nth-child(1) > form > input","key":"\\ue007"},{"type":"setVariable","negated":false,"ignoreFailure":false,"disabled":false,"name":"todo_name","value":"Our Updated Test Task"}]},{"name":"0 Items Left","abbreviation":"0_left","actions":[{"type":"web_waitForNode","negated":false,"ignoreFailure":true,"disabled":false,"waitCriterion":"ADDED","node":"#todo-count","maxWaitTime":1},{"type":"web_waitForNode","negated":false,"ignoreFailure":false,"disabled":false,"waitCriterion":"VISIBLE","node":"#todo-count","maxWaitTime":1},{"type":"setVariableByHTML","negated":false,"ignoreFailure":false,"disabled":false,"name":"todoCount","value":"#todo-count"},{"type":"assertVariable","negated":false,"ignoreFailure":false,"disabled":false,"name":"todoCount","value":"^0.*?items.*?left","regexp":true}]},{"name":"Toggle Done All","abbreviation":"toggle_done_all","actions":[{"type":"web_waitForNode","negated":false,"ignoreFailure":true,"disabled":false,"waitCriterion":"ADDED","node":"#toggle-all","maxWaitTime":1},{"type":"web_waitForNode","negated":false,"ignoreFailure":false,"disabled":false,"waitCriterion":"VISIBLE","node":"#toggle-all","maxWaitTime":1},{"type":"web_click","negated":false,"ignoreFailure":false,"disabled":false,"node":"#toggle-all","doubleClick":false}]}]