{
  "version": "1.6.0",
  "type": "symbols",
  "symbols": [
    {
      "name": "Reset",
      "inputs": [],
      "outputs": [
        {
          "type": "output",
          "parameterType": "STRING",
          "name": "task_created"
        },
        {
          "type": "output",
          "parameterType": "STRING",
          "name": "todo_name"
        },
        {
          "type": "output",
          "parameterType": "STRING",
          "name": "todoCount"
        },
        {
          "type": "output",
          "parameterType": "COUNTER",
          "name": "todoCounter"
        }
      ],
      "steps": [
        {
          "type": "action",
          "disabled": false,
          "action": {
            "type": "setVariable",
            "name": "task_created",
            "value": "false"
          },
          "negated": false,
          "ignoreFailure": false
        },
        {
          "type": "action",
          "disabled": false,
          "action": {
            "type": "setVariable",
            "name": "todo_name",
            "value": "Our Test Task"
          },
          "negated": false,
          "ignoreFailure": false
        },
        {
          "type": "action",
          "disabled": false,
          "action": {
            "type": "setVariable",
            "name": "todoCount",
            "value": ""
          },
          "negated": false,
          "ignoreFailure": false
        },
        {
          "type": "action",
          "disabled": false,
          "action": {
            "type": "web_goto",
            "url": "/",
            "credentials": {
              "name": "",
              "password": ""
            }
          },
          "negated": false,
          "ignoreFailure": false
        },
        {
          "type": "action",
          "disabled": false,
          "action": {
            "type": "web_waitForNode",
            "waitCriterion": "VISIBLE",
            "node": {
              "selector": "input[placeholder=\"What needs to be done?\"]",
              "type": "CSS"
            },
            "maxWaitTime": 10
          },
          "negated": false,
          "ignoreFailure": false
        },
        {
          "type": "action",
          "disabled": false,
          "action": {
            "type": "setCounter",
            "name": "todoCounter",
            "value": "0",
            "valueType": "NUMBER"
          },
          "negated": false,
          "ignoreFailure": false
        }
      ]
    },
    {
      "name": "Create ToDo",
      "inputs": [
        {
          "type": "input",
          "parameterType": "COUNTER",
          "name": "todoCounter"
        }
      ],
      "outputs": [
        {
          "type": "output",
          "parameterType": "COUNTER",
          "name": "todoCounter"
        }
      ],
      "steps": [
        {
          "type": "action",
          "disabled": false,
          "action": {
            "type": "assertCounter",
            "name": "todoCounter",
            "value": 2,
            "operator": "LESS_THAN"
          },
          "negated": false,
          "ignoreFailure": false
        },
        {
          "type": "action",
          "disabled": false,
          "action": {
            "type": "web_fill",
            "node": {
              "selector": "input[placeholder=\"What needs to be done?\"]",
              "type": "CSS"
            },
            "value": "Our Test Task"
          },
          "negated": false,
          "ignoreFailure": false
        },
        {
          "type": "action",
          "disabled": false,
          "action": {
            "type": "web_pressKey",
            "node": {
              "selector": "input[placeholder=\"What needs to be done?\"]",
              "type": "CSS"
            },
            "key": "\\ue007"
          },
          "negated": false,
          "ignoreFailure": false
        },
        {
          "type": "action",
          "disabled": false,
          "action": {
            "type": "incrementCounter",
            "name": "todoCounter",
            "incrementBy": 1
          },
          "negated": false,
          "ignoreFailure": false
        }
      ]
    },
    {
      "name": "Read ToDo",
      "inputs": [],
      "outputs": [],
      "steps": [
        {
          "type": "action",
          "disabled": false,
          "action": {
            "type": "web_waitForNode",
            "waitCriterion": "ADDED",
            "node": {
              "selector": "#todo-list > li:nth-child(1)",
              "type": "CSS"
            },
            "maxWaitTime": 1
          },
          "negated": false,
          "ignoreFailure": true
        },
        {
          "type": "action",
          "disabled": false,
          "action": {
            "type": "web_waitForNode",
            "waitCriterion": "VISIBLE",
            "node": {
              "selector": "#todo-list > li:nth-child(1)",
              "type": "CSS"
            },
            "maxWaitTime": 1
          },
          "negated": false,
          "ignoreFailure": false
        },
        {
          "type": "action",
          "disabled": false,
          "action": {
            "type": "web_checkForText",
            "value": "(Our Test Task)|(Our Updated Test Task)",
            "regexp": true
          },
          "negated": false,
          "ignoreFailure": false
        }
      ]
    },
    {
      "name": "Delete ToDo",
      "inputs": [],
      "outputs": [
        {
          "type": "output",
          "parameterType": "COUNTER",
          "name": "todoCounter"
        }
      ],
      "steps": [
        {
          "type": "action",
          "disabled": false,
          "action": {
            "type": "web_waitForNode",
            "waitCriterion": "ADDED",
            "node": {
              "selector": "#todo-list > li:nth-child(1) > div > label",
              "type": "CSS"
            },
            "maxWaitTime": 1
          },
          "negated": false,
          "ignoreFailure": true
        },
        {
          "type": "action",
          "disabled": false,
          "action": {
            "type": "web_waitForNode",
            "waitCriterion": "VISIBLE",
            "node": {
              "selector": "#todo-list > li:nth-child(1) > div > label",
              "type": "CSS"
            },
            "maxWaitTime": 1
          },
          "negated": false,
          "ignoreFailure": false
        },
        {
          "type": "action",
          "disabled": false,
          "action": {
            "type": "web_moveMouse",
            "node": {
              "selector": "#todo-list > li:nth-child(1) > div > label",
              "type": "CSS"
            },
            "offsetX": 10,
            "offsetY": 10
          },
          "negated": false,
          "ignoreFailure": false
        },
        {
          "type": "action",
          "disabled": false,
          "action": {
            "type": "web_waitForNode",
            "waitCriterion": "VISIBLE",
            "node": {
              "selector": "#todo-list > li:nth-child(1) > div > button",
              "type": "CSS"
            },
            "maxWaitTime": 1
          },
          "negated": false,
          "ignoreFailure": false
        },
        {
          "type": "action",
          "disabled": false,
          "action": {
            "type": "web_click",
            "node": {
              "selector": "#todo-list > li:nth-child(1) > div > button",
              "type": "CSS"
            },
            "doubleClick": false
          },
          "negated": false,
          "ignoreFailure": false
        },
        {
          "type": "action",
          "disabled": false,
          "action": {
            "type": "incrementCounter",
            "name": "todoCounter",
            "incrementBy": -1
          },
          "negated": false,
          "ignoreFailure": false
        }
      ]
    },
    {
      "name": "Toggle Done",
      "inputs": [],
      "outputs": [],
      "steps": [
        {
          "type": "action",
          "disabled": false,
          "action": {
            "type": "web_waitForNode",
            "waitCriterion": "ADDED",
            "node": {
              "selector": "#todo-list > li:nth-child(1) > div > input",
              "type": "CSS"
            },
            "maxWaitTime": 1
          },
          "negated": false,
          "ignoreFailure": true
        },
        {
          "type": "action",
          "disabled": false,
          "action": {
            "type": "web_waitForNode",
            "waitCriterion": "VISIBLE",
            "node": {
              "selector": "#todo-list > li:nth-child(1) > div > input",
              "type": "CSS"
            },
            "maxWaitTime": 1
          },
          "negated": false,
          "ignoreFailure": false
        },
        {
          "type": "action",
          "disabled": false,
          "action": {
            "type": "web_click",
            "node": {
              "selector": "#todo-list > li:nth-child(1) > div > input",
              "type": "CSS"
            },
            "doubleClick": false
          },
          "negated": false,
          "ignoreFailure": false
        }
      ]
    },
    {
      "name": "View All",
      "inputs": [],
      "outputs": [],
      "steps": [
        {
          "type": "action",
          "disabled": false,
          "action": {
            "type": "web_waitForNode",
            "waitCriterion": "ADDED",
            "node": {
              "selector": "#filters",
              "type": "CSS"
            },
            "maxWaitTime": 1
          },
          "negated": false,
          "ignoreFailure": true
        },
        {
          "type": "action",
          "disabled": false,
          "action": {
            "type": "web_waitForNode",
            "waitCriterion": "VISIBLE",
            "node": {
              "selector": "#filters",
              "type": "CSS"
            },
            "maxWaitTime": 1
          },
          "negated": false,
          "ignoreFailure": false
        },
        {
          "type": "action",
          "disabled": false,
          "action": {
            "type": "web_clickLinkByText",
            "value": "All"
          },
          "negated": false,
          "ignoreFailure": false
        }
      ]
    },
    {
      "name": "View Active",
      "inputs": [],
      "outputs": [],
      "steps": [
        {
          "type": "action",
          "disabled": false,
          "action": {
            "type": "web_waitForNode",
            "waitCriterion": "ADDED",
            "node": {
              "selector": "#filters",
              "type": "CSS"
            },
            "maxWaitTime": 1
          },
          "negated": false,
          "ignoreFailure": true
        },
        {
          "type": "action",
          "disabled": false,
          "action": {
            "type": "web_waitForNode",
            "waitCriterion": "VISIBLE",
            "node": {
              "selector": "#filters",
              "type": "CSS"
            },
            "maxWaitTime": 1
          },
          "negated": false,
          "ignoreFailure": false
        },
        {
          "type": "action",
          "disabled": false,
          "action": {
            "type": "web_clickLinkByText",
            "value": "Active"
          },
          "negated": false,
          "ignoreFailure": false
        }
      ]
    },
    {
      "name": "View Completed",
      "inputs": [],
      "outputs": [],
      "steps": [
        {
          "type": "action",
          "disabled": false,
          "action": {
            "type": "web_waitForNode",
            "waitCriterion": "ADDED",
            "node": {
              "selector": "#filters",
              "type": "CSS"
            },
            "maxWaitTime": 1
          },
          "negated": false,
          "ignoreFailure": true
        },
        {
          "type": "action",
          "disabled": false,
          "action": {
            "type": "web_waitForNode",
            "waitCriterion": "VISIBLE",
            "node": {
              "selector": "#filters",
              "type": "CSS"
            },
            "maxWaitTime": 1
          },
          "negated": false,
          "ignoreFailure": false
        },
        {
          "type": "action",
          "disabled": false,
          "action": {
            "type": "web_clickLinkByText",
            "value": "Completed"
          },
          "negated": false,
          "ignoreFailure": false
        }
      ]
    },
    {
      "name": "1 Item Left",
      "inputs": [],
      "outputs": [],
      "steps": [
        {
          "type": "action",
          "disabled": false,
          "action": {
            "type": "web_waitForNode",
            "waitCriterion": "ADDED",
            "node": {
              "selector": "#todo-count",
              "type": "CSS"
            },
            "maxWaitTime": 1
          },
          "negated": false,
          "ignoreFailure": true
        },
        {
          "type": "action",
          "disabled": false,
          "action": {
            "type": "web_waitForNode",
            "waitCriterion": "VISIBLE",
            "node": {
              "selector": "#todo-count",
              "type": "CSS"
            },
            "maxWaitTime": 1
          },
          "negated": false,
          "ignoreFailure": false
        },
        {
          "type": "action",
          "disabled": false,
          "action": {
            "type": "setVariableByHTML",
            "name": "todoCount",
            "node": {
              "selector": "#todo-count",
              "type": "CSS"
            }
          },
          "negated": false,
          "ignoreFailure": false
        },
        {
          "type": "action",
          "disabled": false,
          "action": {
            "type": "assertVariable",
            "name": "todoCount",
            "value": "^1.*?item.*?left",
            "regexp": true
          },
          "negated": false,
          "ignoreFailure": false
        }
      ]
    },
    {
      "name": "Clear completed",
      "inputs": [],
      "outputs": [
        {
          "type": "output",
          "parameterType": "COUNTER",
          "name": "todoCounter"
        },
        {
          "type": "output",
          "parameterType": "STRING",
          "name": "task_created"
        }
      ],
      "steps": [
        {
          "type": "action",
          "disabled": false,
          "action": {
            "type": "web_waitForNode",
            "waitCriterion": "ADDED",
            "node": {
              "selector": "#clear-completed",
              "type": "CSS"
            },
            "maxWaitTime": 1
          },
          "negated": false,
          "ignoreFailure": true
        },
        {
          "type": "action",
          "disabled": false,
          "action": {
            "type": "web_waitForNode",
            "waitCriterion": "VISIBLE",
            "node": {
              "selector": "#clear-completed",
              "type": "CSS"
            },
            "maxWaitTime": 1
          },
          "negated": false,
          "ignoreFailure": false
        },
        {
          "type": "action",
          "disabled": false,
          "action": {
            "type": "setVariableByHTML",
            "name": "todoCount",
            "node": {
              "selector": "#todo-count > strong",
              "type": "CSS"
            }
          },
          "negated": false,
          "ignoreFailure": false
        },
        {
          "type": "action",
          "disabled": false,
          "action": {
            "type": "setCounter",
            "name": "todoCounter",
            "value": "todoCount",
            "valueType": "VARIABLE"
          },
          "negated": false,
          "ignoreFailure": false
        },
        {
          "type": "action",
          "disabled": false,
          "action": {
            "type": "web_click",
            "node": {
              "selector": "#clear-completed",
              "type": "CSS"
            },
            "doubleClick": false
          },
          "negated": false,
          "ignoreFailure": false
        }
      ]
    },
    {
      "name": "Update ToDo",
      "inputs": [],
      "outputs": [],
      "steps": [
        {
          "type": "action",
          "disabled": false,
          "action": {
            "type": "web_waitForNode",
            "waitCriterion": "ADDED",
            "node": {
              "selector": "#todo-list > li:nth-child(1) > div > label",
              "type": "CSS"
            },
            "maxWaitTime": 1
          },
          "negated": false,
          "ignoreFailure": true
        },
        {
          "type": "action",
          "disabled": false,
          "action": {
            "type": "web_waitForNode",
            "waitCriterion": "VISIBLE",
            "node": {
              "selector": "#todo-list > li:nth-child(1) > div > label",
              "type": "CSS"
            },
            "maxWaitTime": 1
          },
          "negated": false,
          "ignoreFailure": false
        },
        {
          "type": "action",
          "disabled": false,
          "action": {
            "type": "web_click",
            "node": {
              "selector": "#todo-list > li:nth-child(1) > div > label",
              "type": "CSS"
            },
            "doubleClick": true
          },
          "negated": false,
          "ignoreFailure": false
        },
        {
          "type": "action",
          "disabled": false,
          "action": {
            "type": "web_waitForNode",
            "waitCriterion": "ADDED",
            "node": {
              "selector": "#edit",
              "type": "CSS"
            },
            "maxWaitTime": 1
          },
          "negated": false,
          "ignoreFailure": true
        },
        {
          "type": "action",
          "disabled": false,
          "action": {
            "type": "web_waitForNode",
            "waitCriterion": "VISIBLE",
            "node": {
              "selector": "#todo-list > li:nth-child(1) > input",
              "type": "CSS"
            },
            "maxWaitTime": 1
          },
          "negated": false,
          "ignoreFailure": false
        },
        {
          "type": "action",
          "disabled": false,
          "action": {
            "type": "web_fill",
            "node": {
              "selector": "#todo-list > li:nth-child(1) > input",
              "type": "CSS"
            },
            "value": "Our Updated Test Task"
          },
          "negated": false,
          "ignoreFailure": false
        },
        {
          "type": "action",
          "disabled": false,
          "action": {
            "type": "web_pressKey",
            "node": {
              "selector": "#todo-list > li:nth-child(1) > input",
              "type": "CSS"
            },
            "key": "\\ue007"
          },
          "negated": false,
          "ignoreFailure": false
        }
      ]
    },
    {
      "name": "0 Items Left",
      "inputs": [],
      "outputs": [],
      "steps": [
        {
          "type": "action",
          "disabled": false,
          "action": {
            "type": "web_waitForNode",
            "waitCriterion": "ADDED",
            "node": {
              "selector": "#todo-count",
              "type": "CSS"
            },
            "maxWaitTime": 1
          },
          "negated": false,
          "ignoreFailure": true
        },
        {
          "type": "action",
          "disabled": false,
          "action": {
            "type": "web_waitForNode",
            "waitCriterion": "VISIBLE",
            "node": {
              "selector": "#todo-count",
              "type": "CSS"
            },
            "maxWaitTime": 1
          },
          "negated": false,
          "ignoreFailure": false
        },
        {
          "type": "action",
          "disabled": false,
          "action": {
            "type": "setVariableByHTML",
            "name": "todoCount",
            "node": {
              "selector": "#todo-count",
              "type": "CSS"
            }
          },
          "negated": false,
          "ignoreFailure": false
        },
        {
          "type": "action",
          "disabled": false,
          "action": {
            "type": "assertVariable",
            "name": "todoCount",
            "value": "^0.*?items.*?left",
            "regexp": true
          },
          "negated": false,
          "ignoreFailure": false
        }
      ]
    },
    {
      "name": "Toggle Done All",
      "inputs": [],
      "outputs": [],
      "steps": [
        {
          "type": "action",
          "disabled": false,
          "action": {
            "type": "web_waitForNode",
            "waitCriterion": "ADDED",
            "node": {
              "selector": "#toggle-all",
              "type": "CSS"
            },
            "maxWaitTime": 1
          },
          "negated": false,
          "ignoreFailure": true
        },
        {
          "type": "action",
          "disabled": false,
          "action": {
            "type": "web_waitForNode",
            "waitCriterion": "VISIBLE",
            "node": {
              "selector": "#toggle-all",
              "type": "CSS"
            },
            "maxWaitTime": 1
          },
          "negated": false,
          "ignoreFailure": false
        },
        {
          "type": "action",
          "disabled": false,
          "action": {
            "type": "web_click",
            "node": {
              "selector": "#toggle-all",
              "type": "CSS"
            },
            "doubleClick": false
          },
          "negated": false,
          "ignoreFailure": false
        }
      ]
    },
    {
      "name": "2 Items Left",
      "inputs": [],
      "outputs": [],
      "steps": [
        {
          "type": "action",
          "disabled": false,
          "action": {
            "type": "web_waitForNode",
            "waitCriterion": "ADDED",
            "node": {
              "selector": "#todo-count",
              "type": "CSS"
            },
            "maxWaitTime": 1
          },
          "negated": false,
          "ignoreFailure": true
        },
        {
          "type": "action",
          "disabled": false,
          "action": {
            "type": "web_waitForNode",
            "waitCriterion": "VISIBLE",
            "node": {
              "selector": "#todo-count",
              "type": "CSS"
            },
            "maxWaitTime": 1
          },
          "negated": false,
          "ignoreFailure": false
        },
        {
          "type": "action",
          "disabled": false,
          "action": {
            "type": "setVariableByHTML",
            "name": "todoCount",
            "node": {
              "selector": "#todo-count",
              "type": "CSS"
            }
          },
          "negated": false,
          "ignoreFailure": false
        },
        {
          "type": "action",
          "disabled": false,
          "action": {
            "type": "assertVariable",
            "name": "todoCount",
            "value": "^2.*?items.*?left",
            "regexp": true
          },
          "negated": false,
          "ignoreFailure": false
        }
      ]
    }
  ]
}