{
  "version": "1.5.0",
  "type": "symbols",
  "symbols": [
    {
      "name": "Reset",
      "actions": [
        {
          "type": "setVariable",
          "negated": false,
          "ignoreFailure": false,
          "disabled": false,
          "name": "task_created",
          "value": "false"
        },
        {
          "type": "setVariable",
          "negated": false,
          "ignoreFailure": false,
          "disabled": false,
          "name": "todo_name",
          "value": "Our Test Task"
        },
        {
          "type": "setVariable",
          "negated": false,
          "ignoreFailure": false,
          "disabled": false,
          "name": "todoCount",
          "value": ""
        },
        {
          "type": "web_goto",
          "negated": false,
          "ignoreFailure": false,
          "disabled": false,
          "url": "/",
          "credentials": {
            "name": "",
            "password": ""
          }
        },
        {
          "type": "web_waitForNode",
          "negated": false,
          "ignoreFailure": false,
          "disabled": false,
          "waitCriterion": "VISIBLE",
          "node": {
            "selector": "input[placeholder=\"What needs to be done?\"]",
            "type": "CSS"
          },
          "maxWaitTime": 10
        }
      ],
      "inputs": [],
      "outputs": [
        {
          "type": "output",
          "parameterType": "STRING",
          "name": "task_created"
        },
        {
          "type": "output",
          "parameterType": "STRING",
          "name": "todo_name"
        },
        {
          "type": "output",
          "parameterType": "STRING",
          "name": "todoCount"
        }
      ]
    },
    {
      "name": "Create ToDo",
      "actions": [
        {
          "type": "assertVariable",
          "negated": false,
          "ignoreFailure": false,
          "disabled": false,
          "name": "task_created",
          "value": "false",
          "regexp": false
        },
        {
          "type": "web_fill",
          "negated": false,
          "ignoreFailure": false,
          "disabled": false,
          "node": {
            "selector": "input[placeholder=\"What needs to be done?\"]",
            "type": "CSS"
          },
          "value": "Our Test Task"
        },
        {
          "type": "web_pressKey",
          "negated": false,
          "ignoreFailure": false,
          "disabled": false,
          "node": {
            "selector": "input[placeholder=\"What needs to be done?\"]",
            "type": "CSS"
          },
          "key": "\\ue007"
        },
        {
          "type": "setVariable",
          "negated": false,
          "ignoreFailure": false,
          "disabled": false,
          "name": "todo_name",
          "value": "Our Test Task"
        },
        {
          "type": "setVariable",
          "negated": false,
          "ignoreFailure": false,
          "disabled": false,
          "name": "task_created",
          "value": "true"
        }
      ],
      "inputs": [
        {
          "type": "input",
          "parameterType": "STRING",
          "name": "task_created"
        }
      ],
      "outputs": [
        {
          "type": "output",
          "parameterType": "STRING",
          "name": "task_created"
        },
        {
          "type": "output",
          "parameterType": "STRING",
          "name": "todo_name"
        }
      ]
    },
    {
      "name": "Read ToDo",
      "actions": [
        {
          "type": "web_waitForNode",
          "negated": false,
          "ignoreFailure": true,
          "disabled": false,
          "waitCriterion": "ADDED",
          "node": {
            "selector": ".todo-list > li:nth-child(1)",
            "type": "CSS"
          },
          "maxWaitTime": 1
        },
        {
          "type": "web_waitForNode",
          "negated": false,
          "ignoreFailure": false,
          "disabled": false,
          "waitCriterion": "VISIBLE",
          "node": {
            "selector": ".todo-list > li:nth-child(1)",
            "type": "CSS"
          },
          "maxWaitTime": 1
        },
        {
          "type": "web_checkForText",
          "negated": false,
          "ignoreFailure": false,
          "disabled": false,
          "value": "{{$todo_name}}",
          "regexp": false
        }
      ],
      "inputs": [
        {
          "type": "input",
          "parameterType": "STRING",
          "name": "todo_name"
        }
      ],
      "outputs": []
    },
    {
      "name": "Delete ToDo",
      "actions": [
        {
          "type": "web_waitForNode",
          "negated": false,
          "ignoreFailure": true,
          "disabled": false,
          "waitCriterion": "ADDED",
          "node": {
            "selector": ".todo-list > li:nth-child(1) > div > label",
            "type": "CSS"
          },
          "maxWaitTime": 1
        },
        {
          "type": "web_waitForNode",
          "negated": false,
          "ignoreFailure": false,
          "disabled": false,
          "waitCriterion": "VISIBLE",
          "node": {
            "selector": ".todo-list > li:nth-child(1) > div > label",
            "type": "CSS"
          },
          "maxWaitTime": 1
        },
        {
          "type": "web_moveMouse",
          "negated": false,
          "ignoreFailure": false,
          "disabled": false,
          "node": {
            "selector": ".todo-list > li:nth-child(1) > div > label",
            "type": "CSS"
          },
          "offsetX": 10,
          "offsetY": 10
        },
        {
          "type": "web_click",
          "negated": false,
          "ignoreFailure": false,
          "disabled": false,
          "node": {
            "selector": ".destroy",
            "type": "CSS"
          },
          "doubleClick": false
        },
        {
          "type": "setVariable",
          "negated": false,
          "ignoreFailure": false,
          "disabled": false,
          "name": "task_created",
          "value": "false"
        }
      ],
      "inputs": [],
      "outputs": [
        {
          "type": "output",
          "parameterType": "STRING",
          "name": "task_created"
        }
      ]
    },
    {
      "name": "Toggle Done",
      "actions": [
        {
          "type": "web_waitForNode",
          "negated": false,
          "ignoreFailure": true,
          "disabled": false,
          "waitCriterion": "ADDED",
          "node": {
            "selector": ".todo-list > li:nth-child(1) > div > input",
            "type": "CSS"
          },
          "maxWaitTime": 1
        },
        {
          "type": "web_waitForNode",
          "negated": false,
          "ignoreFailure": false,
          "disabled": false,
          "waitCriterion": "VISIBLE",
          "node": {
            "selector": ".todo-list > li:nth-child(1) > div > input",
            "type": "CSS"
          },
          "maxWaitTime": 1
        },
        {
          "type": "web_click",
          "negated": false,
          "ignoreFailure": false,
          "disabled": false,
          "node": {
            "selector": ".todo-list > li:nth-child(1) > div > input",
            "type": "CSS"
          },
          "doubleClick": false
        }
      ],
      "inputs": [],
      "outputs": []
    },
    {
      "name": "View All",
      "actions": [
        {
          "type": "web_waitForNode",
          "negated": false,
          "ignoreFailure": true,
          "disabled": false,
          "waitCriterion": "ADDED",
          "node": {
            "selector": ".filters",
            "type": "CSS"
          },
          "maxWaitTime": 1
        },
        {
          "type": "web_waitForNode",
          "negated": false,
          "ignoreFailure": false,
          "disabled": false,
          "waitCriterion": "VISIBLE",
          "node": {
            "selector": ".filters",
            "type": "CSS"
          },
          "maxWaitTime": 1
        },
        {
          "type": "web_clickLinkByText",
          "negated": false,
          "ignoreFailure": false,
          "disabled": false,
          "value": "All"
        }
      ],
      "inputs": [],
      "outputs": []
    },
    {
      "name": "View Active",
      "actions": [
        {
          "type": "web_waitForNode",
          "negated": false,
          "ignoreFailure": true,
          "disabled": false,
          "waitCriterion": "ADDED",
          "node": {
            "selector": ".filters",
            "type": "CSS"
          },
          "maxWaitTime": 1
        },
        {
          "type": "web_waitForNode",
          "negated": false,
          "ignoreFailure": false,
          "disabled": false,
          "waitCriterion": "VISIBLE",
          "node": {
            "selector": ".filters",
            "type": "CSS"
          },
          "maxWaitTime": 1
        },
        {
          "type": "web_clickLinkByText",
          "negated": false,
          "ignoreFailure": false,
          "disabled": false,
          "value": "Active"
        }
      ],
      "inputs": [],
      "outputs": []
    },
    {
      "name": "View Completed",
      "actions": [
        {
          "type": "web_waitForNode",
          "negated": false,
          "ignoreFailure": true,
          "disabled": false,
          "waitCriterion": "ADDED",
          "node": {
            "selector": ".filters",
            "type": "CSS"
          },
          "maxWaitTime": 1
        },
        {
          "type": "web_waitForNode",
          "negated": false,
          "ignoreFailure": false,
          "disabled": false,
          "waitCriterion": "VISIBLE",
          "node": {
            "selector": ".filters",
            "type": "CSS"
          },
          "maxWaitTime": 1
        },
        {
          "type": "web_clickLinkByText",
          "negated": false,
          "ignoreFailure": false,
          "disabled": false,
          "value": "Completed"
        }
      ],
      "inputs": [],
      "outputs": []
    },
    {
      "name": "1 Item Left",
      "actions": [
        {
          "type": "web_waitForNode",
          "negated": false,
          "ignoreFailure": true,
          "disabled": false,
          "waitCriterion": "ADDED",
          "node": {
            "selector": ".todo-count",
            "type": "CSS"
          },
          "maxWaitTime": 1
        },
        {
          "type": "web_waitForNode",
          "negated": false,
          "ignoreFailure": false,
          "disabled": false,
          "waitCriterion": "VISIBLE",
          "node": {
            "selector": ".todo-count",
            "type": "CSS"
          },
          "maxWaitTime": 1
        },
        {
          "type": "setVariableByHTML",
          "negated": false,
          "ignoreFailure": false,
          "disabled": false,
          "name": "todoCount",
          "node": {
            "selector": ".todo-count",
            "type": "CSS"
          }
        },
        {
          "type": "assertVariable",
          "negated": false,
          "ignoreFailure": false,
          "disabled": false,
          "name": "todoCount",
          "value": "^1.*?item.*?left",
          "regexp": true
        }
      ],
      "inputs": [],
      "outputs": []
    },
    {
      "name": "Clear completed",
      "actions": [
        {
          "type": "web_waitForNode",
          "negated": false,
          "ignoreFailure": true,
          "disabled": false,
          "waitCriterion": "ADDED",
          "node": {
            "selector": ".clear-completed",
            "type": "CSS"
          },
          "maxWaitTime": 1
        },
        {
          "type": "web_waitForNode",
          "negated": false,
          "ignoreFailure": false,
          "disabled": false,
          "waitCriterion": "VISIBLE",
          "node": {
            "selector": ".clear-completed",
            "type": "CSS"
          },
          "maxWaitTime": 1
        },
        {
          "type": "web_click",
          "negated": false,
          "ignoreFailure": false,
          "disabled": false,
          "node": {
            "selector": ".clear-completed",
            "type": "CSS"
          },
          "doubleClick": false
        },
        {
          "type": "setVariable",
          "negated": false,
          "ignoreFailure": false,
          "disabled": false,
          "name": "task_created",
          "value": "false"
        }
      ],
      "inputs": [],
      "outputs": [
        {
          "type": "output",
          "parameterType": "STRING",
          "name": "task_created"
        }
      ]
    },
    {
      "name": "Update ToDo",
      "actions": [
        {
          "type": "web_waitForNode",
          "negated": false,
          "ignoreFailure": true,
          "disabled": false,
          "waitCriterion": "ADDED",
          "node": {
            "selector": ".todo-list > li:nth-child(1) > div > label",
            "type": "CSS"
          },
          "maxWaitTime": 1
        },
        {
          "type": "web_waitForNode",
          "negated": false,
          "ignoreFailure": false,
          "disabled": false,
          "waitCriterion": "VISIBLE",
          "node": {
            "selector": ".todo-list > li:nth-child(1) > div > label",
            "type": "CSS"
          },
          "maxWaitTime": 1
        },
        {
          "type": "web_click",
          "negated": false,
          "ignoreFailure": false,
          "disabled": false,
          "node": {
            "selector": ".todo-list > li:nth-child(1) > div > label",
            "type": "CSS"
          },
          "doubleClick": true
        },
        {
          "type": "web_waitForNode",
          "negated": false,
          "ignoreFailure": true,
          "disabled": false,
          "waitCriterion": "ADDED",
          "node": {
            "selector": ".edit",
            "type": "CSS"
          },
          "maxWaitTime": 1
        },
        {
          "type": "web_waitForNode",
          "negated": false,
          "ignoreFailure": false,
          "disabled": false,
          "waitCriterion": "VISIBLE",
          "node": {
            "selector": ".edit",
            "type": "CSS"
          },
          "maxWaitTime": 1
        },
        {
          "type": "web_fill",
          "negated": false,
          "ignoreFailure": false,
          "disabled": false,
          "node": {
            "selector": ".edit",
            "type": "CSS"
          },
          "value": "Our Updated Test Task"
        },
        {
          "type": "web_pressKey",
          "negated": false,
          "ignoreFailure": false,
          "disabled": false,
          "node": {
            "selector": ".edit",
            "type": "CSS"
          },
          "key": "\\ue007"
        },
        {
          "type": "setVariable",
          "negated": false,
          "ignoreFailure": false,
          "disabled": false,
          "name": "todo_name",
          "value": "Our Updated Test Task"
        }
      ],
      "inputs": [],
      "outputs": [
        {
          "type": "output",
          "parameterType": "STRING",
          "name": "todo_name"
        }
      ]
    },
    {
      "name": "0 Items Left",
      "actions": [
        {
          "type": "web_waitForNode",
          "negated": false,
          "ignoreFailure": true,
          "disabled": false,
          "waitCriterion": "ADDED",
          "node": {
            "selector": ".todo-count",
            "type": "CSS"
          },
          "maxWaitTime": 1
        },
        {
          "type": "web_waitForNode",
          "negated": false,
          "ignoreFailure": false,
          "disabled": false,
          "waitCriterion": "VISIBLE",
          "node": {
            "selector": ".todo-count",
            "type": "CSS"
          },
          "maxWaitTime": 1
        },
        {
          "type": "setVariableByHTML",
          "negated": false,
          "ignoreFailure": false,
          "disabled": false,
          "name": "todoCount",
          "node": {
            "selector": ".todo-count",
            "type": "CSS"
          }
        },
        {
          "type": "assertVariable",
          "negated": false,
          "ignoreFailure": false,
          "disabled": false,
          "name": "todoCount",
          "value": "^0.*?items.*?left",
          "regexp": true
        }
      ],
      "inputs": [],
      "outputs": []
    },
    {
      "name": "Toggle Done All",
      "actions": [
        {
          "type": "web_waitForNode",
          "negated": false,
          "ignoreFailure": true,
          "disabled": false,
          "waitCriterion": "ADDED",
          "node": {
            "selector": ".toggle-all",
            "type": "CSS"
          },
          "maxWaitTime": 1
        },
        {
          "type": "web_waitForNode",
          "negated": false,
          "ignoreFailure": false,
          "disabled": false,
          "waitCriterion": "VISIBLE",
          "node": {
            "selector": ".toggle-all",
            "type": "CSS"
          },
          "maxWaitTime": 1
        },
        {
          "type": "web_click",
          "negated": false,
          "ignoreFailure": false,
          "disabled": false,
          "node": {
            "selector": ".toggle-all",
            "type": "CSS"
          },
          "doubleClick": false
        }
      ],
      "inputs": [],
      "outputs": []
    }
  ]
}